Workbook

Sheet New_6 Factors Form
A1: Thai Parkerizing Co., Ltd. | AU1: E7 | AV1: T | AW1: =AU1&AV1 -> E7T | AX1: =VLOOKUP($AW$1,'Weight & Grade Def.'!$G$7:$I$86,2,0) -> E6T | AY1: =VLOOKUP($AW$1,'Weight & Grade Def.'!$G$7:$I$86,3,0) -> E8T
A2: Behavioral Appraisal - Competency Assessment Form | AX2: =VLOOKUP($AW$1,'Weight & Grade Def.'!$G$7:$I$86,2,0) -> E6T | AY2: =VLOOKUP($AW$1,'Weight & Grade Def.'!$G$7:$I$86,2,0) -> E6T
AK3: Our signatures indicates mutual agreement on the below professOur signatures indicates mutual agreement on the below professionality assessment, comments, and training & development planionality assessment, comments, and training & development plan การลงลายมือชื่อของเรา แสดงถึง ความเข้าใจและเห็นพ้องต้องกันในผลการประเมิน การให้คำติชม รวมถึงการดำเนินการเรื่องแผนการพัฒนาและการฝึกอบรมที่อยู่ด้านล่างนี้ | AO3: 1st-Half Assessment for Mid-Year Bonus
A4: Name | I4: Code | M4: Position | V4: Current Grade | X4: =AU1 -> E7 | AB4: Date promoted to current grade | AX4: Upper | AY4: Lower
A5: ชื่อ-นามสกุล | I5: รหัสพนักงาน | M5: ตำแหน่ง | V5: เกรดปัจจุบัน | AB5: วันที่ได้รับการปรับสู่เกรดปัจจุบัน
AO6: Appraisee | AQ6: 1st Appraiser | AS6: 2nd Appraiser
A7: Location | H7: Division / Department / Section | Y7: Date joined | AE7: Total year-of-service | AJ7: Years | AO7: Date: | AQ7: Date: | AS7: Date:
A8: พื้นที่ปฏิบัติงาน | H8: ฝ่าย / แผนก / หน่วยงาน | Y8: วันเริ่มงาน | AE8: อายุงาน | AO8: 2nd-Half Assessment for Year-End Bonus
A10: First Appraiser | O10: Second Appraiser | AE10: Appraisal Period
A11: (ระบุชื่อและตำแหน่งของผู้ประเมินคนที่ 1) | O11: (ระบุชื่อและตำแหน่งของผู้ประเมินคนที่ 2) | AE11: ช่วงการประเมิน | AO11: Appraisee | AQ11: 1st Appraiser | AS11: 2nd Appraiser
AO12: Date: | AQ12: Date: | AS12: Date:
A14: Grade Definition คำนิยาม | C14: Upper Grade เกรดที่สูงกว่า | F14: =VLOOKUP($F$16,'Weight & Grade Def.'!$B$7:$D$46,2,0) -> E6 | G14: =IFERROR(VLOOKUP($AX$1,'Weight & Grade Def.'!$G$6:$N$86,8,0),"-") -> จัดการกับงานสำคัญที่ได้รับมอบหมายตามขอบเขตงานให้สำเร็จลุล่วงได้โดยลำพัง ; ปรับเปลี่ยน หรือ ตรวจสอบ พร้อมทั้งแก้ไขปัญหาในระบบปฏิบัติการ หรือ กระบวนการทำงานที่มีอยู่ ณ ปัจจุบัน ; แก้ไขปัญหาในการปฏิบัติงานด้วยอำนาจที่มีอยู่อย่างจำกัด เพื่อจัดการทรัพยากรการดำเนินงานในขอบเขตที่ได้รับมอบหมาย ; โน้มน้าวหรืออธิบายข้อเท็จจริง แนวปฏิบัติ นโยบาย ต่อบุคคลที่เกี่ยวข้องทั้งภายในและภายนอก ; สอนความรู้ในงานให้แก่ระดับที่ต่ำกว่า ; มีความรู้ระดับก้าวหน้าในขอบเขตงานหนึ่ง | AJ14: Measuring Criteria : เงื่อนไขการประเมิน
AJ15: 5: | AK15: Always take appropriate action and be regarded as a "role model" ดำเนินการได้อย่างเหมาะสม ตรงตามที่คาดหวังอยู่เสมอ และได้รับการยอมรับในฐานะแบบอย่างที่ดี
C16: Current Grade เกรดปัจจุบัน | F16: =AU1 -> E7 | G16: =IFERROR(VLOOKUP($AW$1,'Weight & Grade Def.'!$G$6:$N$86,8,0),"-") -> จัดการกับงานที่ได้รับมอบหมายตามขอบเขตงานให้สำเร็จลุล่วงภายใต้การกำกับดูแลที่จำกัด ; ตรวจสอบ และ แก้ไขปัญหาในระบบปฏิบัติการ หรือ กระบวนการทำงานที่มีอยู่ ณ ปัจจุบัน ; แก้ไขปัญหาในงานที่มีการระบุไว้แล้วอย่างชัดเจนในขอบเขตที่ได้รับมอบหมาย ; อธิบายเกี่ยวกับข้อเท็จจริง แนวปฏิบัติ นโยบายแก่้ผู้มีส่วนเกี่ยวข้องหลักภายในได้ ; ให้คำชี้แนะเกี่ยวกับความรู้ในงานแก่ระดับที่ต่ำกว่า ; มีความรู้เกี่ยวกับงานในเชิงปฏิบัติในขอบเขตงานหนึ่ง | AJ16: 4: | AK16: Always take appropriate action in various situations ดำเนินการได้อย่างเหมาะสม ตรงตามที่คาดหวัง ในหลากหลายสถานการณ์
AJ17: 3: | AK17: Take appropriate action as expected ดำเนินการได้อย่างเหมาะสม ตรงตามที่คาดหวัง
C18: Lower Grade เกรดที่ต่ำกว่า | F18: =VLOOKUP($F$16,'Weight & Grade Def.'!$B$7:$D$46,3,0) -> E8 | G18: =IFERROR(VLOOKUP($AY$1,'Weight & Grade Def.'!$G$6:$N$86,8,0),"-") -> จัดการกับงานระดับพื้นฐานที่ได้รับมอบหมายตามขอบเขตงานให้สำเร็จลุล่วงภายใต้การกำกับดูแลทั่วไป ; ตรวจสอบระบบปฏิบัติการ หรือ กระบวนการทำงานที่มีอยู่ ณ ปัจจุบัน ; แก้ไขปัญหาในงานที่มีการระบุไว้แล้วอย่างชัดเจนในขอบเขตที่ได้รับมอบหมาย ; อธิบายเกี่ยวกับข้อเท็จจริง แนวการปฏิบัติ นโยบายแก่้ผู้มีส่วนเกี่ยวข้องหลักภายในได้ ; ให้คำชี้แนะเกี่ยวกับความรู้ในงานแก่ระดับที่ต่ำกว่า ; มีความรู้เกี่ยวกับงานในเชิงทฤษฎีในขอบเขตงานหนึ่ง | AJ18: 2: | AK18: Take some action but not fully appropriate มีการดำเนินการบ้าง แต่ไม่ได้ถูกต้องและเหมาะสมไปทั้งหมด
AJ19: 1: | AK19: No action taking at all ไม่ดำเนินการสิ่งใดเลย
A21: Behavioral Assessment
A23: Items (หัวข้อ) | C23: Definition (คำนิยาม) | G23: Viewpoint (พฤติกรรมตามตำแหน่ง) | K23: 1st-Half Assessment for Mid-Year Bonus (การประเมินผลช่วงครึ่งปีแรก ม.ค. ถึง มิ.ย. เพื่อจ่ายโบนัสกลางปี) | AC23: 2nd-Half Assessment for Year-End Bonus (การประเมินผลช่วงครึ่งปีหลัง ก.ค. ถึง ธ.ค. เพื่อจ่ายโบนัสปลายปี)
K24: Self-Assessment () | Q24: 1st Appraisal Assessment () | W24: 2nd Appraisal Assessment () | AC24: Self-Assessment () | AI24: 1st Appraisal Assessment () | AO24: 2nd Appraisal Assessment ()
K25: Score | L25: Comment / Reason (if any) | Q25: Score | R25: Comment / Reason (if any) | W25: Score | X25: Comment / Reason (if any) | AC25: Score | AD25: Comment / Reason (if any) | AI25: Score | AJ25: Comment / Reason (if any) | AO25: Score | AP25: Comment / Reason (if any)
K26: คะแนน | L26: คำติชม/ เหตุผล (ถ้ามี) | Q26: คะแนน | R26: คำติชม/ เหตุผล (ถ้ามี) | W26: คะแนน | X26: คำติชม/ เหตุผล (ถ้ามี) | AC26: คะแนน | AD26: คำติชม/ เหตุผล (ถ้ามี) | AI26: คะแนน | AJ26: คำติชม/ เหตุผล (ถ้ามี) | AO26: คะแนน | AP26: คำติชม/ เหตุผล (ถ้ามี)
A27: Managing Self การจัดการตนเอง | C27: =VLOOKUP($AW$1,'6 Factors Definition'!$B$3:$O$84,2,0) -> นำความรู้และทักษะไปใช้อย่างมีประสิทธิภาพ พัฒนาตนเองในลักษณะของการเพิ่มพูนประสิทธิภาพในบทบาทและหน้าที่ที่รับผิดชอบ และแสดงให้เห็นถึงการพัฒนาตนเองอย่างต่อเนื่องในฐานะผู้ปฏิบัติงานที่มีประสบการณ์ | G27: =VLOOKUP($AW$1,'6 Factors Definition'!$B$3:$O$84,9,0) -> - รู้จักบทบาทที่คาดหวังและแสดงความรับผิดชอบตามที่คาดไว้ - ดำเนินการให้ได้มาซึ่งความรู้ ทักษะ และความเชี่ยวชาญใหม่ ๆ | K27: 5 | Q27: 5 | W27: 5 | AC27: 5 | AI27: 5 | AO27: 5
A33: Managing Others การจัดการผู้อื่น | C33: =VLOOKUP($AW$1,'6 Factors Definition'!$B$3:$O$84,3,0) -> ทำงานร่วมกับผู้อื่นได้อย่างมีประสิทธิภาพ รวมถึงสามารถสื่อสารเพื่อจูงใจและโน้มน้าวผู้อื่นได้อย่างเหมาะสมในฐานะผู้ปฏิบัติงาน | G33: =VLOOKUP($AW$1,'6 Factors Definition'!$B$3:$O$84,10,0) -> - ทำงานร่วมกับผู้อื่นเพื่อบรรลุเป้าหมายร่วมได้ - สื่อสาร และ โน้มน้าวผู้อื่นได้อย่างมีประสิทธิภาพ | K33: 5 | Q33: 5 | W33: 5 | AC33: 5 | AI33: 5 | AO33: 5
A39: Managing Problem การจัดการปัญหา | C39: =VLOOKUP($AW$1,'6 Factors Definition'!$B$3:$O$84,4,0) -> คิดวิเคราะห์ เพื่อระบุปัญหา พร้อมกับพิจารณาทางเลือก และพัฒนาวิธีการแก้ปัญหาในงานที่ตนเองได้รับมอบหมาย | G39: =VLOOKUP($AW$1,'6 Factors Definition'!$B$3:$O$84,11,0) -> - คิดเชิงวิเคราะห์เพื่อระบุปัญหา และวิธีการแก้ไข - ตัดสินใจ ภายใต้ขอบเขตของอำนาจที่ได้รับมอบหมาย และลงมือแก้ไขปัญหาตามเวลาที่กำหนด | K39: 5 | Q39: 5 | W39: 5 | AC39: 5 | AI39: 5 | AO39: 5
A45: Managing Performance การจัดการ ผลการปฏิบัติงาน | C45: =VLOOKUP($AW$1,'6 Factors Definition'!$B$3:$O$84,5,0) -> นำตนเอง และ จัดการกับงานเพื่อบรรลุเป้าหมายที่กำหนดไว้ หรือ ดำเนินงานที่ได้รับมอบหมายให้แล้วเสร็จ | G45: =VLOOKUP($AW$1,'6 Factors Definition'!$B$3:$O$84,12,0) -> - วางแผน, จัดลำดับความสำคัญ, จัดการกับทรัพยากรที่มีอยู่ และสร้างกระบวนการทำงานที่ดีที่สุดเพื่อบรรลุเป้าหมายร่วม - นำตนเอง และผู้อื่นมุ่งสู่การบรรลุเป้าหมายร่วม | K45: 5 | Q45: 5 | W45: 5 | AC45: 5 | AI45: 5 | AO45: 5
A51: Managing Improvement การจัดการเรื่อง การปรับปรุงงาน | C51: =VLOOKUP($AW$1,'6 Factors Definition'!$B$3:$O$84,6,0) -> ปรับปรุงงานที่ตนเองเป็นผู้ได้รับมอบหมายโดยตรง โดยการชี้บ่งวิธีการปรับปรุง หรือ พัฒนาแนวทางใหม่ๆ เพื่อมุ่งไปข้างหน้า | G51: =VLOOKUP($AW$1,'6 Factors Definition'!$B$3:$O$84,13,0) -> - สร้างแนวคิด หรือ ส่งเสริมผู้อื่นให้ดำเนินการเรื่องการปรับปรุงงาน - นำแนวคิดไปลงมือปฏิบัติอย่างเป็นรูปธรรม | K51: 5 | Q51: 5 | W51: 5 | AC51: 5 | AI51: 5 | AO51: 5
A57: Managing Risk การจัดการความเสี่ยง | C57: =VLOOKUP($AW$1,'6 Factors Definition'!$B$3:$O$84,7,0) -> ลดความเสี่ยงในกระบวนการปฏิบัติงาน โดยปรับเปลี่ยนให้สอดคล้องกับกฎระเบียบ แนวปฏิบัติ และมาตรฐานในการปฏิบัติงานของบริษัทฯ รวมไปถึงการกำหนดมาตรการป้องกัน | G57: =VLOOKUP($AW$1,'6 Factors Definition'!$B$3:$O$84,14,0) -> - ปฏิบัติตนสอดคล้องกับกฎระเบียบ และมาตรฐานการปฏิบัติงานเพื่อให้เกิดคุณภาพ - ระบุความเสี่ยงในงาน และกำหนดมาตรการป้องกัน | K57: 5 | Q57: 5 | W57: 5 | AC57: 5 | AI57: 5 | AO57: 5
J63: Average | K63: =AVERAGE(K27:K62) -> 5 | Q63: =AVERAGE(Q27:Q62) -> 5 | W63: =AVERAGE(W27:W62) -> 5 | AC63: =AVERAGE(AC27:AC62) -> 5 | AI63: =AVERAGE(AI27:AI62) -> 5 | AO63: =AVERAGE(AO27:AO62) -> 5
A65: Additional Remarks (หมายเหตุเพิ่มเติม)
A66: 1st-Half Assessment : การประเมินช่วงครึ่งปีแรก | F66: 2nd-Half Assessment:การประเมินช่วงครึ่งปีหลัง | L66: 1st-Half Assessment for Mid-Year Bonus (การประเมินผลช่วงครึ่งปีแรก ม.ค. ถึง มิ.ย. เพื่อจ่ายโบนัสกลางปี) | AD66: 2nd-Half Assessment for Year-End Bonus (การประเมินผลช่วงครึ่งปีหลัง ก.ค. ถึง ธ.ค. เพื่อจ่ายโบนัสปลายปี)
A67: 1st Appraiser | F67: 1st Appraiser | L67: Overall Appraisal Rating | Q67: Rating | T67: Weight | W67: Score | Z67: Appraisal Rating | AD67: Overall Appraisal Rating | AI67: Rating | AL67: Weight | AO67: Score | AR67: Appraisal Rating
L68: รวมผลการประเมินทั้งหมด | Q68: ผลคะแนน | T68: น้ำหนัก | W68: คะแนน | Z68: สรุปผลการประเมิน | AD68: รวมผลการประเมินทั้งหมด | AI68: ผลคะแนน | AL68: น้ำหนัก | AO68: คะแนน | AR68: สรุปผลการประเมิน
L69: Performance / Goals (MBO) | Q69: =ROUND('New_MBO Form'!$Y$115,1) -> 0 | T69: =VLOOKUP($AU$1,'Weight & Grade Def.'!$B$7:$M$46,9,0) -> 30 | W69: =(Q69*T69)/100 -> 0 | Z69: =W69+W71 -> 3.5 | AD69: Performance / Goals (MBO) | AI69: =ROUND('New_MBO Form'!$AS$115,1) -> 0 | AL69: =VLOOKUP($AU$1,'Weight & Grade Def.'!$B$7:$M$46,9,0) -> 30 | AO69: =(AI69*AL69)/100 -> 0 | AR69: =AO69+AO71 -> 3.5
A70: 2nd Appraiser | F70: 2nd Appraiser | L70: ผลงาน / การบรรลุเป้าหมาย | AD70: ผลงาน / การบรรลุเป้าหมาย
L71: Behavioral (6 Factors) | Q71: =ROUND(W63,1) -> 5 | T71: =VLOOKUP($AU$1,'Weight & Grade Def.'!$B$7:$M$46,12,0) -> 70 | W71: =(Q71*T71)/100 -> 3.5 | AD71: Behavioral (6 Factors) | AI71: =ROUND(AO63,1) -> 5 | AL71: =VLOOKUP($AU$1,'Weight & Grade Def.'!$B$7:$M$46,12,0) -> 70 | AO71: =(AI71*AL71)/100 -> 3.5
L72: พฤติกรรม | AD72: พฤติกรรม
A74: [For 1st Appraiser] Discussion for further development, only for 2nd half - Evaluation | R74: [For 1st Appraiser and HR] Training and Development Plan, only for 2nd half-evaluation
A75: [ สำหรับผู้ประเมินคนที่ 1] พูดคุยกับผู้ถูกประเมินเกี่ยวกับการพัฒนาในอนาคต, ดำเนินการ เฉพาะในการประเมินช่วงครึ่งปีหลังเท่านัน | R75: [ สำหรับผู้ประเมินคนที่ 1 กับ หน่วยงาน HR] กำหนดแผนการอบรมและพัฒนา, ดำเนินการเฉพาะในการประเมินช่วงครึ่งปีหลังเท่านั้น
A77: Strengths (จุดแข็ง สิ่งที่ทำได้ดี) | I77: Development Needs (สิ่งที่ต้องการจะปรับปรุง) | R77: Training & Development Plan : แผนการอบรม และ พัฒนา | AD77: Training & Development Methods (วิธีการอบรมและพัฒนา) | AM77: Responsible by (ผู้รับผิดชอบ) | AQ77: Target Started & Achieved time
A78: No. | B78: Area | F78: Remarks | I78: No. | J78: Area | N78: Remarks | R78: No. | S78: Type of training / Programs | Y78: Level of trainig / Programs | AD78: OJT Activities | AG78: Off-JT Activities | AJ78: Self-learning | AM78: Employee | AO78: 1st Appriaser | AQ78: Starting Date | AS78: Finished Date
A79: ข้อ | B79: ระบุสิ่งที่ทำได้ดี | F79: หมายเหตุ | I79: ข้อ | J79: ระบุสิ่งที่ต้องปรับปรุง | N79: หมายเหตุ | R79: ข้อ | S79: ระบุหัวข้อการอบรม | Y79: ระดับของการอบรม เช่น Basic หรือ Advance | AD79: อบรมที่หน้างาน | AG79: อบรมนอกเหนือจากหน้างาน | AJ79: เรียนรู้ด้วยตนเอง | AM79: พนักงาน | AO79: ผู้ประเมินคนที่ 1 | AQ79: วันที่เริ่มต้น | AS79: วันที่แล้วเสร็จ
A80: 1 | I80: 1 | R80: 1
A81: 2 | I81: 2 | R81: 2
A82: 3 | I82: 3 | R82: 3
A83: 4 | I83: 4 | R83: 4
A84: 5 | I84: 5 | R84: 5

Sheet 6 Factors Definition
B1: 1 | C1: 2 | D1: 3 | E1: 4 | F1: 5 | G1: 6 | H1: 7 | I1: 8 | J1: 9 | K1: 10 | L1: 11 | M1: 12 | N1: 13 | O1: 14
C2: Definition | J2: View Point
A3: No. | B3: Grade | C3: Managing Self | D3: Managing Others | E3: Managing Problem | F3: Managing Performance | G3: Managing Improvement | H3: Managing Risk | J3: Managing Self | K3: Managing Others | L3: Managing Problem | M3: Managing Performance | N3: Managing Improvement | O3: Managing Risk
A4: 1 | B4: M1E | C4: Effectively utilizing knowledge/skills and manage oneself in a manner that enhances role effectiveness and demonstrate continuous self development as management | D4: Effectively co-operate and properly communicate with others to achieve company goals | E4: Identify, analyze issue, consider options and develop solutions to correct problem in company | F4: Lead/ manage team performance to achieve resposible scope | G4: lmprove overall performance on responsible scope and encourage others to do so by identifying and/or developing a new way forward | H4: Minimize complex risk in entire company by complying to organization's rules, practice and work standard, together with,taking preventive action | J4: - Know expected role and show responsibility as expected - Continue to acquire new knowledge, skills and expertise - Able to develop strategy and plan to drive business | K4: - Work collaboratively towards common goals - Communicate and influence effectively - Plan, inspire, coach and develop team capability | L4: - Think analytically to identify issue and solution - Make decision and implement solution over issues timely - Effectively optimize resource of department | M4: - Plan, prioritize, organize available resource and optimize process to achieve common goals - Lead self and others in achieving common goals - Inspire others as department to achieve company outcome | N4: - Generate ideas or encourage others to improve - Take action in implementing new ideas - Provide knowledge or training to others | O4: - Comply to rules and quality work standard - Identify operational risk and make prevention - Promote and monitor others in department to follow work standard, rule
A5: 2 | B5: M2E | C5: Effectively utilizing knowledge/skills and manage oneself in a manner that enhances role effectiveness and demonstrate continuous self development as management | D5: Effectively co-operate and properly communicate with others to achieve division goals | E5: Identify, analyze issue, consider options and develop solutions to correct problem in division | F5: Lead/ manage team performance to achieve resposible scope | G5: lmprove overall performance on responsible scope and encourage others to do so by identifying and/or developing a new way forward | H5: Minimize complex risk in division by complying to organization's rules, practice and work standard, together with,taking preventive action | J5: - Know expected role and show responsibility as expected - Continue to acquire new knowledge, skills and expertise - Able to develop strategy and plan to drive business | K5: - Work collaboratively towards common goals - Communicate and influence effectively - Plan, inspire, coach and develop team capability | L5: - Think analytically to identify issue and solution - Make decision and implement solution over issues timely - Effectively optimize resource of department | M5: - Plan, prioritize, organize available resource and optimize process to achieve common goals - Lead self and others in achieving common goals - Inspire others as department to achieve company outcome | N5: - Generate ideas or encourage others to improve - Take action in implementing new ideas - Provide knowledge or training to others | O5: - Comply to rules and quality work standard - Identify operational risk and make prevention - Promote and monitor others in department to follow work standard, rule
A6: 3 | B6: E2E | C6: Effectively utilizing knowledge/skills and manage oneself in a manner that enhances role effectiveness and demonstrate continuous self development as specialist | D6: Effectively co-operate and properly communicate with others in responsible scope | E6: Identify, analyze issue, consider options and develop solutions to critical business process | F6: Lead/ manage team performance to drive performance in responsible scope | G6: lmprove overall performance on responsible scope and encourage others to do so by identifying and/or developing a new way forward | H6: Minimize complex risk by complying to organization's rules, practice and work standard, together with,taking preventive action | J6: - Know expected role and show responsibility as expected - Continue to acquire new knowledge, skills and expertise - Able to develop strategy and plan to drive business | K6: - Work collaboratively towards common goals - Communicate and influence effectively - Plan, inspire, coach and develop team capability | L6: - Think analytically to identify issue and solution - Make decision and implement solution over issues timely - Effectively optimize resource of department | M6: - Plan, prioritize, organize available resource and optimize process to achieve common goals - Lead self and others in achieving common goals - Inspire others as department to achieve company outcome | N6: - Generate ideas or encourage others to improve - Take action in implementing new ideas - Provide knowledge or training to others | O6: - Comply to rules and quality work standard - Identify operational risk and make prevention - Promote and monitor others in department to follow work standard, rule
A7: 4 | B7: S2E | C7: Effectively utilizing knowledge/skills and manage oneself in a manner that enhances role effectiveness and demonstrate continuous self development as specialist | D7: Effectively co-operate and properly communicate with others in responsible scope | E7: Identify, analyze issue, consider options and develop solutions to critical business process | F7: Lead/ manage team performance to drive performance in responsible scope | G7: lmprove overall performance on responsible scope and encourage others to do so by identifying and/or developing a new way forward | H7: Minimize complex risk by complying to organization's rules, practice and work standard, together with,taking preventive action | J7: - Know expected role and show responsibility as expected - Continue to acquire new knowledge, skills and expertise - Able to develop strategy and plan to drive business | K7: - Work collaboratively towards common goals - Communicate and influence effectively - Plan, inspire, coach and develop team capability | L7: - Think analytically to identify issue and solution - Make decision and implement solution over issues timely - Effectively optimize resource of department | M7: - Plan, prioritize, organize available resource and optimize process to achieve common goals - Lead self and others in achieving common goals - Inspire others as department to achieve company outcome | N7: - Generate ideas or encourage others to improve - Take action in implementing new ideas - Provide knowledge or training to others | O7: - Comply to rules and quality work standard - Identify operational risk and make prevention - Promote and monitor others in department to follow work standard, rule
A8: 5 | B8: G2E | C8: Effectively utilizing knowledge/skills and manage oneself in a manner that enhances role effectiveness and demonstrate continuous self development as specialist | D8: Effectively co-operate and properly communicate with others in responsible scope | E8: Identify, analyze issue, consider options and develop solutions to critical business process | F8: Lead/ manage team performance to drive performance in responsible scope | G8: lmprove overall performance on responsible scope and encourage others to do so by identifying and/or developing a new way forward | H8: Minimize complex risk by complying to organization's rules, practice and work standard, together with,taking preventive action | J8: - Know expected role and show responsibility as expected - Continue to acquire new knowledge, skills and expertise - Able to develop strategy and plan to drive business | K8: - Work collaboratively towards common goals - Communicate and influence effectively - Plan, inspire, coach and develop team capability | L8: - Think analytically to identify issue and solution - Make decision and implement solution over issues timely - Effectively optimize resource of department | M8: - Plan, prioritize, organize available resource and optimize process to achieve common goals - Lead self and others in achieving common goals - Inspire others as department to achieve company outcome | N8: - Generate ideas or encourage others to improve - Take action in implementing new ideas - Provide knowledge or training to others | O8: - Comply to rules and quality work standard - Identify operational risk and make prevention - Promote and monitor others in department to follow work standard, rule
A9: 6 | B9: M3E | C9: Effectively utilizing knowledge/skills and manage oneself in a manner that enhances role effectiveness and demonstrate continuous self development as management | D9: Effectively co-operate and properly communicate with others to achieve departments / factory goals | E9: Identify, analyze issue, consider options and develop solutions to correct problem in departments / factory | F9: Lead/ manage team performance to achieve resposible scope | G9: lmprove overall performance on responsible scope and encourage others to do so by identifying and/or developing a new way forward | H9: Minimize complex risk in departments / factory by complying to organization's rules, practice and work standard, together with,taking preventive action | J9: - Know expected role and show responsibility as expected - Continue to acquire new knowledge, skills and expertise - Able to develop strategy and plan to drive business | K9: - Work collaboratively towards common goals - Communicate and influence effectively - Plan, inspire, coach and develop team capability | L9: - Think analytically to identify issue and solution - Make decision and implement solution over issues timely - Effectively optimize resource of department | M9: - Plan, prioritize, organize available resource and optimize process to achieve common goals - Lead self and others in achieving common goals - Inspire others as department to achieve company outcome | N9: - Generate ideas or encourage others to improve - Take action in implementing new ideas - Provide knowledge or training to others | O9: - Comply to rules and quality work standard - Identify operational risk and make prevention - Promote and monitor others in department to follow work standard, rule
A10: 7 | B10: E3E | C10: Effectively utilizing knowledge/skills and manage oneself in a manner that enhances role effectiveness and demonstrate continuous self development as specialist | D10: Effectively co-operate and properly communicate with others in responsible scope | E10: Identify, analyze issue, consider options and develop solutions to critical business process | F10: Lead/ manage team performance to drive performance in responsible scope | G10: lmprove overall performance on responsible scope and encourage others to do so by identifying and/or developing a new way forward | H10: Minimize complex risk by complying to organization's rules, practice and work standard, together with,taking preventive action | J10: - Know expected role and show responsibility as expected - Continue to acquire new knowledge, skills and expertise - Able to develop strategy and plan to drive business | K10: - Work collaboratively towards common goals - Communicate and influence effectively - Plan, inspire, coach and develop team capability | L10: - Think analytically to identify issue and solution - Make decision and implement solution over issues timely - Effectively optimize resource of department | M10: - Plan, prioritize, organize available resource and optimize process to achieve common goals - Lead self and others in achieving common goals - Inspire others as department to achieve company outcome | N10: - Generate ideas or encourage others to improve - Take action in implementing new ideas - Provide knowledge or training to others | O10: - Comply to rules and quality work standard - Identify operational risk and make prevention - Promote and monitor others in department to follow work standard, rule
A11: 8 | B11: S3E | C11: Effectively utilizing knowledge/skills and manage oneself in a manner that enhances role effectiveness and demonstrate continuous self development as specialist | D11: Effectively co-operate and properly communicate with others in responsible scope | E11: Identify, analyze issue, consider options and develop solutions to critical business process | F11: Lead/ manage team performance to drive performance in responsible scope | G11: lmprove overall performance on responsible scope and encourage others to do so by identifying and/or developing a new way forward | H11: Minimize complex risk by complying to organization's rules, practice and work standard, together with,taking preventive action | J11: - Know expected role and show responsibility as expected - Continue to acquire new knowledge, skills and expertise - Able to develop strategy and plan to drive business | K11: - Work collaboratively towards common goals - Communicate and influence effectively - Plan, inspire, coach and develop team capability | L11: - Think analytically to identify issue and solution - Make decision and implement solution over issues timely - Effectively optimize resource of department | M11: - Plan, prioritize, organize available resource and optimize process to achieve common goals - Lead self and others in achieving common goals - Inspire others as department to achieve company outcome | N11: - Generate ideas or encourage others to improve - Take action in implementing new ideas - Provide knowledge or training to others | O11: - Comply to rules and quality work standard - Identify operational risk and make prevention - Promote and monitor others in department to follow work standard, rule
A12: 9 | B12: G3E | C12: Effectively utilizing knowledge/skills and manage oneself in a manner that enhances role effectiveness and demonstrate continuous self development as specialist | D12: Effectively co-operate and properly communicate with others in responsible scope | E12: Identify, analyze issue, consider options and develop solutions to critical business process | F12: Lead/ manage team performance to drive performance in responsible scope | G12: lmprove overall performance on responsible scope and encourage others to do so by identifying and/or developing a new way forward | H12: Minimize complex risk by complying to organization's rules, practice and work standard, together with,taking preventive action | J12: - Know expected role and show responsibility as expected - Continue to acquire new knowledge, skills and expertise - Able to develop strategy and plan to drive business | K12: - Work collaboratively towards common goals - Communicate and influence effectively - Plan, inspire, coach and develop team capability | L12: - Think analytically to identify issue and solution - Make decision and implement solution over issues timely - Effectively optimize resource of department | M12: - Plan, prioritize, organize available resource and optimize process to achieve common goals - Lead self and others in achieving common goals - Inspire others as department to achieve company outcome | N12: - Generate ideas or encourage others to improve - Take action in implementing new ideas - Provide knowledge or training to others | O12: - Comply to rules and quality work standard - Identify operational risk and make prevention - Promote and monitor others in department to follow work standard, rule
A13: 10 | B13: M4E | C13: Effectively utilizing knowledge/skills and manage oneself in a manner that enhances role effectiveness and demonstrate continuous self development as management | D13: Effectively co-operate and properly communicate with others to achieve department goals | E13: Identify, analyze issue, consider options and develop solutions to correct problem in department | F13: Lead/ manage team performance to achieve resposible scope | G13: lmprove overall performance on responsible scope and encourage others to do so by identifying and/or developing a new way forward | H13: Minimize complex risk in departments / factory by complying to organization's rules, practice and work standard, together with,taking preventive action | J13: - Know expected role and show responsibility as expected - Continue to acquire new knowledge, skills and expertise - Able to develop strategy and plan to drive business | K13: - Work collaboratively towards common goals - Communicate and influence effectively - Plan, inspire, coach and develop team capability | L13: - Think analytically to identify issue and solution - Make decision and implement solution over issues timely - Effectively optimize resource of department | M13: - Plan, prioritize, organize available resource and optimize process to achieve common goals - Lead self and others in achieving common goals - Inspire others as department to achieve company outcome | N13: - Generate ideas or encourage others to improve - Take action in implementing new ideas - Provide knowledge or training to others | O13: - Comply to rules and quality work standard - Identify operational risk and make prevention - Promote and monitor others in department to follow work standard, rule
A14: 11 | B14: E4E | C14: Effectively utilizing knowledge/skills and manage oneself in a manner that enhances role effectiveness and demonstrate continuous self development as specialist | D14: Effectively co-operate and properly communicate with others in responsible scope | E14: Identify, analyze issue, consider options and develop solutions to critical business process | F14: Lead/ manage team performance to drive performance in responsible scope | G14: lmprove overall performance on responsible scope and encourage others to do so by identifying and/or developing a new way forward | H14: Minimize complex risk by complying to organization's rules, practice and work standard, together with,taking preventive action | J14: - Know expected role and show responsibility as expected - Continue to acquire new knowledge, skills and expertise - Able to develop strategy and plan to drive business | K14: - Work collaboratively towards common goals - Communicate and influence effectively - Plan, inspire, coach and develop team capability | L14: - Think analytically to identify issue and solution - Make decision and implement solution over issues timely - Effectively optimize resource of department | M14: - Plan, prioritize, organize available resource and optimize process to achieve common goals - Lead self and others in achieving common goals - Inspire others as department to achieve company outcome | N14: - Generate ideas or encourage others to improve - Take action in implementing new ideas - Provide knowledge or training to others | O14: - Comply to rules and quality work standard - Identify operational risk and make prevention - Promote and monitor others in department to follow work standard, rule
A15: 12 | B15: S4E | C15: Effectively utilizing knowledge/skills and manage oneself in a manner that enhances role effectiveness and demonstrate continuous self development as specialist | D15: Effectively co-operate and properly communicate with others in responsible scope | E15: Identify, analyze issue, consider options and develop solutions to critical business process | F15: Lead/ manage team performance to drive performance in responsible scope | G15: lmprove overall performance on responsible scope and encourage others to do so by identifying and/or developing a new way forward | H15: Minimize complex risk by complying to organization's rules, practice and work standard, together with,taking preventive action | J15: - Know expected role and show responsibility as expected - Continue to acquire new knowledge, skills and expertise - Able to develop strategy and plan to drive business | K15: - Work collaboratively towards common goals - Communicate and influence effectively - Plan, inspire, coach and develop team capability | L15: - Think analytically to identify issue and solution - Make decision and implement solution over issues timely - Effectively optimize resource of department | M15: - Plan, prioritize, organize available resource and optimize process to achieve common goals - Lead self and others in achieving common goals - Inspire others as department to achieve company outcome | N15: - Generate ideas or encourage others to improve - Take action in implementing new ideas - Provide knowledge or training to others | O15: - Comply to rules and quality work standard - Identify operational risk and make prevention - Promote and monitor others in department to follow work standard, rule
... A84: 40 | B84: P11T | C84: นำความรู้และทักษะไปใช้อย่างมีประสิทธิภาพ พัฒนาตนเองในลักษณะของการเพิ่มพูนประสิทธิภาพในบทบาทและหน้าที่ที่รับผิดชอบ และแสดงให้เห็นถึงการพัฒนาตนเองอย่างต่อเนื่องในฐานะผู้ปฏิบัติงาน | D84: ทำงานร่วมกับผู้อื่นได้อย่างมีประสิทธิภาพ รวมถึงสามารถสื่อสารเพื่อจูงใจและโน้มน้าวผู้อื่นได้อย่างเหมาะสมในฐานะผู้ปฏิบัติงาน | E84: คิดวิเคราะห์ เพื่อระบุปัญหา พร้อมกับพิจารณาทางเลือก และพัฒนาวิธีการมาแก้้ไขปัญหาในงานที่รับผิดชอบ | F84: นำตนเอง บริหารจัดการตนเองให้สามารถบรรลุเป้าหมายที่กำหนดไว้ หรือ ดำเนินงานที่ได้รับมอบหมายให้แล้วเสร็จ | G84: ปรับปรุงหน้างานประจำวันที่่รับผิดชอบ โดยการชี้บ่งวิธีการปรับปรุงุ หรือ พัฒนาแนวทางใหม่ๆ เพื่อมุ่งไปข้างหน้า | H84: ลดความเสี่ยงในกระบวนการปฏิบัติงาน โดยปรับเปลี่ยนให้สอดคล้องกับกฎระเบียบ แนวปฏิบัติ และมาตรฐานในการปฏิบัติงานของบริษัทฯ รวมไปถึงการกำหนดมาตรการป้องกัน | J84: - รู้จักบทบาทที่คาดหวังและแสดงความรับผิดชอบตามที่คาดไว้ - ดำเนินการให้ได้มาซึ่งความรู้ ทักษะ และความเชี่ยวชาญใหม่ ๆ | K84: - ทำงานร่วมกับผู้อื่นเพื่อบรรลุเป้าหมายร่วมได้ - สื่อสาร และ โน้มน้าวผู้อื่นได้อย่างมีประสิทธิภาพ | L84: - คิดเชิงวิเคราะห์เพื่อระบุปัญหา และวิธีการแก้ไข - ตัดสินใจ ภายใต้ขอบเขตของอำนาจที่ได้รับมอบหมาย และลงมือแก้ไขปัญหาตามเวลาที่กำหนด | M84: - วางแผน, จัดลำดับความสำคัญ, จัดการกับทรัพยากรที่มีอยู่ และสร้างกระบวนการทำงานที่ดีที่สุดเพื่อบรรลุเป้าหมายร่วม - นำตนเอง และผู้อื่นมุ่งสู่การบรรลุเป้าหมายร่วม | N84: - สร้างแนวคิด หรือ ส่งเสริมผู้อื่นให้ดำเนินการเรื่องการปรับปรุงงาน - นำแนวคิดไปลงมือปฏิบัติอย่างเป็นรูปธรรม | O84: - ปฏิบัติตนสอดคล้องกับกฎระเบียบ และมาตรฐานการปฏิบัติงานเพื่อให้เกิดคุณภาพ - ระบุความเสี่ยงในงาน และกำหนดมาตรการป้องกัน

Sheet New_MBO Form
A1: Thai Parkerizing Co., Ltd. | AT1: E7 | AU1: T | AV1: =AT1&AU1 -> E7T | AW1: =VLOOKUP($AV$1,'Weight & Grade Def.'!$G$7:$I$86,2,0) -> E6T | AX1: =VLOOKUP($AV$1,'Weight & Grade Def.'!$G$7:$I$86,3,0) -> E8T
A2: Performance Appraisal - Management by Objective (MBO) Form | AW2: =VLOOKUP($AV$1,'Weight & Grade Def.'!$G$7:$I$86,2,0) -> E6T | AX2: =VLOOKUP($AV$1,'Weight & Grade Def.'!$G$7:$I$86,2,0) -> E6T
AL3: Measuring Criteria : เงื่อนไขการประเมิน
A4: Name | I4: Code | M4: Position | V4: Current Grade | X4: =AT1 -> E7 | AC4: Date promoted to current grade | AL4: 5: | AM4: Far exceed expected achievement result | AW4: Upper | AX4: Lower
A5: ชื่อ-นามสกุล | I5: รหัสพนักงาน | M5: ตำแหน่ง | V5: เกรดปัจจุบัน | AC5: วันที่ได้รับการปรับสู่เกรดปัจจุบัน | AM5: ทำได้มากกว่าผลลัพธ์ที่คาดหวังไปมาก
AL6: 4: | AM6: Exceed expected achievement result
A7: Location | H7: Division / Department / Section | Z7: Date joined | AF7: Total year-of-service | AK7: Years | AM7: ทำได้มากกว่าผลลัพธ์ที่คาดหวังไว้
A8: พื้นที่ปฏิบัติงาน | H8: ฝ่าย / แผนก / หน่วยงาน | Z8: วันเริ่มงาน | AF8: อายุงาน | AL8: 3: | AM8: Fully meet expected achievement result
AM9: ทำได้ตามผลลัพธ์ที่คาดหวังไว้ทั้งหมด
A10: First Appraiser | O10: Second Appraiser | AF10: Appraisal Period | AL10: 2: | AM10: Partially meet expected achievement result
A11: (ระบุชื่อและตำแหน่งของผู้ประเมินคนที่ 1) | O11: (ระบุชื่อและตำแหน่งของผู้ประเมินคนที่ 2) | AF11: ช่วงการประเมิน | AM11: ทำได้ตามผลลัพธ์ที่คาดหวังไว้เพียงบางส่วน
AL12: 1: | AM12: Rarely meet expected achievement result
AM13: แทบจะไม่เป็นไปผลลัพธ์ที่คาดหวัง
A15: Company's Slogan 2024 คำขวัญบริษัท 2567 | F15: Let's strengthen our commitment toward sustainable growth! | AI15: Approval sign for mutual agreement on MBO (goals) below to be used in measurement ลงลายมือชื่อเพื่อแสดงความเข้าใจและตกลงร่วมกันในการนำเป้าหมายที่กำหนดไว้ด้านล่างนี้มาใช้ในการวัดผลการปฏิบัติงาน
A16: Company's Policy 2024 นโยบายบริษัท 2567 | F16: ความปลอดภัย คือ พื้นฐานของทุกสิ่ง, ปฏิบัติตามกฎหมาย และรักษา Compliance อย่างเคร่งครัด สร้างองค์กรที่ Clean, สิ่งเดียวที่จะสร้างความไว้วางใจจากลูกค้า คือ คุณภาพ, ดำเนินการแบบเชิงรุก เพื่อยกระดับประสิทธิภาพการผลิต และสร้างบริษัทที่เติบโตอย่างยั่งยืน
A18: Grade Definition คำนิยาม | C18: Upper Grade เกรดที่สูงกว่า | F18: =VLOOKUP($F$20,'Weight & Grade Def.'!$B$7:$D$46,2,0) -> E6 | G18: =IFERROR(VLOOKUP($AW$1,'Weight & Grade Def.'!$G$6:$N$86,8,0),"-") -> จัดการกับงานสำคัญที่ได้รับมอบหมายตามขอบเขตงานให้สำเร็จลุล่วงได้โดยลำพัง ; ปรับเปลี่ยน หรือ ตรวจสอบ พร้อมทั้งแก้ไขปัญหาในระบบปฏิบัติการ หรือ กระบวนการทำงานที่มีอยู่ ณ ปัจจุบัน ; แก้ไขปัญหาในการปฏิบัติงานด้วยอำนาจที่มีอยู่อย่างจำกัด เพื่อจัดการทรัพยากรการดำเนินงานในขอบเขตที่ได้รับมอบหมาย ; โน้มน้าวหรืออธิบายข้อเท็จจริง แนวปฏิบัติ นโยบาย ต่อบุคคลที่เกี่ยวข้องทั้งภายในและภายนอก ; สอนความรู้ในงานให้แก่ระดับที่ต่ำกว่า ; มีความรู้ระดับก้าวหน้าในขอบเขตงานหนึ่ง
AI19: Approval sign for mutual agreement on below performance rating ลงลายมือชื่อเพื่อแสดงถึงความเข้าใจและตกลงร่วมกันในผลของการประเมินด้านล่างนี้
C20: Current Grade เกรดปัจจุบัน | F20: =AT1 -> E7 | G20: =IFERROR(VLOOKUP($AV$1,'Weight & Grade Def.'!$G$6:$N$86,8,0),"-") -> จัดการกับงานที่ได้รับมอบหมายตามขอบเขตงานให้สำเร็จลุล่วงภายใต้การกำกับดูแลที่จำกัด ; ตรวจสอบ และ แก้ไขปัญหาในระบบปฏิบัติการ หรือ กระบวนการทำงานที่มีอยู่ ณ ปัจจุบัน ; แก้ไขปัญหาในงานที่มีการระบุไว้แล้วอย่างชัดเจนในขอบเขตที่ได้รับมอบหมาย ; อธิบายเกี่ยวกับข้อเท็จจริง แนวปฏิบัติ นโยบายแก่้ผู้มีส่วนเกี่ยวข้องหลักภายในได้ ; ให้คำชี้แนะเกี่ยวกับความรู้ในงานแก่ระดับที่ต่ำกว่า ; มีความรู้เกี่ยวกับงานในเชิงปฏิบัติในขอบเขตงานหนึ่ง
C22: Lower Grade เกรดที่ต่ำกว่า | F22: =VLOOKUP($F$20,'Weight & Grade Def.'!$B$7:$D$46,3,0) -> E8 | G22: =IFERROR(VLOOKUP($AX$1,'Weight & Grade Def.'!$G$6:$N$86,8,0),"-") -> จัดการกับงานระดับพื้นฐานที่ได้รับมอบหมายตามขอบเขตงานให้สำเร็จลุล่วงภายใต้การกำกับดูแลทั่วไป ; ตรวจสอบระบบปฏิบัติการ หรือ กระบวนการทำงานที่มีอยู่ ณ ปัจจุบัน ; แก้ไขปัญหาในงานที่มีการระบุไว้แล้วอย่างชัดเจนในขอบเขตที่ได้รับมอบหมาย ; อธิบายเกี่ยวกับข้อเท็จจริง แนวการปฏิบัติ นโยบายแก่้ผู้มีส่วนเกี่ยวข้องหลักภายในได้ ; ให้คำชี้แนะเกี่ยวกับความรู้ในงานแก่ระดับที่ต่ำกว่า ; มีความรู้เกี่ยวกับงานในเชิงทฤษฎีในขอบเขตงานหนึ่ง
A26: Part 1 : Initial & Improvement (Total weight for Part 1 must be | K26: =VLOOKUP($AT$1,'Weight & Grade Def.'!$B$7:$M$46,10,0) -> 60 | L26: %
A28: No. ลำดับ | B28: Goal : Quatitative / Qualitative (What are you expected to achieve?) เป้าหมาย : ทั้งเชิงปริมาณและเชิงคุณภาพ (สิ่งที่คุณถูกคาดหวังให้ดำเนินการจนสำเร็จ) | F28: 1st-Half Assessment for Mid-Year Bonus (การประเมินผลช่วงครึ่งปีแรก ม.ค. ถึง มิ.ย. เพื่อจ่ายโบนัสกลางปี) | Z28: 2nd-Half Assessment for Year-End Bonus (การประเมินผลช่วงครึ่งปีหลัง ก.ค. ถึง ธ.ค. เพื่อจ่ายโบนัสปลายปี)
F29: Action Plan : แผนปฏิบัติงาน (required process, schedule for goal realization กระบวนการที่จำเป็น, กำหนดการเพื่อให้เป้าหมายประสบผลสำเร็จ) | I29: Start-End วันที่เริ่มต้นและสิ้นสุด | J29: Achievement measuing criteria (i.e. what and how for each rating) ตัวชี้วัดความสำเร็จ (คือ วัดด้วยสิ่งใด และจะวัดอย่างไร) | M29: Status review of each objective at mid-term (Appraiser & Appraisee discuss results) ทบทวนความสำเร็จของแต่ละเป้าหมาย ในช่วงกลางปี (ผู้ประเมินและผู้ถูกประเมินพูดคุยกันเกี่ยวกับผลลัพธ์ที่เกิดขึ้น) | P29: Weight (%) น้ำหนัก | Q29: Self-Assessment () | T29: 1st Appraisal Assessment () | W29: 2nd Appraisal Assessment () | Z29: Action Plan : แผนปฏิบัติงาน (required process, schedule for goal realization กระบวนการที่จำเป็น, กำหนดการเพื่อให้เป้าหมายประสบผลสำเร็จ) | AC29: Start-End วันที่เริ่มต้นและสิ้นสุด | AD29: Achievement measuing criteria (i.e. what and how for each rating) ตัวชี้วัดความสำเร็จ (คือ วัดด้วยสิ่งใด และจะวัดอย่างไร) | AG29: Status review of each objective at mid-term (Appraiser & Appraisee discuss results) ทบทวนความสำเร็จของแต่ละเป้าหมาย ในช่วงกลางปี (ผู้ประเมินและผู้ถูกประเมินพูดคุยกันเกี่ยวกับผลลัพธ์ที่เกิดขึ้น) | AJ29: Weight (%) น้ำหนัก | AK29: Self-Assessment () | AN29: 1st Appraisal Assessment () | AQ29: 2nd Appraisal Assessment ()
Q30: Score | R30: Achieved numeric value / condition ระบุตัวเลข / ลักษณะ ที่บอกถึงความสำเร็จตามเป้าหมาย | T30: Score | U30: Achieved numeric value / condition ระบุตัวเลข / ลักษณะ ที่บอกถึงความสำเร็จตามเป้าหมาย | W30: Score | X30: Achieved numeric value / condition ระบุตัวเลข / ลักษณะ ที่บอกถึงความสำเร็จตามเป้าหมาย | AK30: Score | AL30: Achieved numeric value / condition ระบุตัวเลข / ลักษณะ ที่บอกถึงความสำเร็จตามเป้าหมาย | AN30: Score | AO30: Achieved numeric value / condition ระบุตัวเลข / ลักษณะ ที่บอกถึงความสำเร็จตามเป้าหมาย | AQ30: Score | AR30: Achieved numeric value / condition ระบุตัวเลข / ลักษณะ ที่บอกถึงความสำเร็จตามเป้าหมาย
Q31: คะแนน | T31: คะแนน | W31: คะแนน | AK31: คะแนน | AN31: คะแนน | AQ31: คะแนน
A32: MBO (Goal) : 1
A38: MBO (Goal) : 2
A44: MBO (Goal) : 3
A50: MBO (Goal) : 4
A56: MBO (Goal) : 5
A62: MBO (Goal) : 6
A68: MBO (Goal) : 7
M74: Sub Total | P74: =SUM($P$32:$P$73) -> 0 | Q74: =($P32*Q32)+($P38*Q38)+($P44*Q44)+($P50*Q50)+($P56*Q56)+($P62*Q62)+($P68*Q68) -> 0 | T74: =($P32*T32)+($P38*T38)+($P44*T44)+($P50*T50)+($P56*T56)+($P62*T62)+($P68*T68) -> 0 | W74: =($P32*W32)+($P38*W38)+($P44*W44)+($P50*W50)+($P56*W56)+($P62*W62)+($P68*W68) -> 0 | AG74: Sub Total | AJ74: =SUM(AJ32:AJ73) -> 0 | AK74: =($AJ32*AK32)+($AJ38*AK38)+($AJ44*AK44)+($AJ50*AK50)+($AJ56*AK56)+($AJ62*AK62)+($AJ68*AK68) -> 0 | AN74: =($AJ32*AN32)+($AJ38*AN38)+($AJ44*AN44)+($AJ50*AN50)+($AJ56*AN56)+($AJ62*AN62)+($AJ68*AN68) -> 0 | AQ74: =($AJ32*AQ32)+($AJ38*AQ38)+($AJ44*AQ44)+($AJ50*AQ50)+($AJ56*AQ56)+($AJ62*AQ62)+($AJ68*AQ68) -> 0
A77: Part 2 : Regular Work (Total weight for Part 2 must be | J77: =VLOOKUP($AT$1,'Weight & Grade Def.'!$B$7:$M$46,11,0) -> 40 | K77: %
A79: No. ลำดับ | B79: Goal : Quatitative / Qualitative (What are you expected to achieve?) เป้าหมาย : ทั้งเชิงปริมาณและเชิงคุณภาพ (สิ่งที่คุณถูกคาดหวังให้ดำเนินการจนสำเร็จ) | F79: 1st-Half Assessment for Mid-Year Bonus (การประเมินผลช่วงครึ่งปีแรก ม.ค. ถึง มิ.ย. เพื่อจ่ายโบนัสกลางปี) | Z79: 2nd-Half Assessment for Year-End Bonus (การประเมินผลช่วงครึ่งปีหลัง ก.ค. ถึง ธ.ค. เพื่อจ่ายโบนัสปลายปี)
F80: Action Plan : แผนปฏิบัติงาน (required process, schedule for goal realization กระบวนการที่จำเป็น, กำหนดการเพื่อให้เป้าหมายประสบผลสำเร็จ) | I80: Start-End วันที่เริ่มต้นและสิ้นสุด | J80: Achievement measuing criteria (i.e. what and how for each rating) ตัวชี้วัดความสำเร็จ (คือ วัดด้วยสิ่งใด และจะวัดอย่างไร) | M80: Status review of each objective at mid-term (Appraiser & Appraisee discuss results) ทบทวนความสำเร็จของแต่ละเป้าหมาย ในช่วงกลางปี (ผู้ประเมินและผู้ถูกประเมินพูดคุยกันเกี่ยวกับผลลัพธ์ที่เกิดขึ้น) | P80: Weight (%) น้ำหนัก | Q80: Self-Assessment () | T80: 1st Appraisal Assessment () | W80: 2nd Appraisal Assessment () | Z80: Action Plan : แผนปฏิบัติงาน (required process, schedule for goal realization กระบวนการที่จำเป็น, กำหนดการเพื่อให้เป้าหมายประสบผลสำเร็จ) | AC80: Start-End วันที่เริ่มต้นและสิ้นสุด | AD80: Achievement measuing criteria (i.e. what and how for each rating) ตัวชี้วัดความสำเร็จ (คือ วัดด้วยสิ่งใด และจะวัดอย่างไร) | AG80: Status review of each objective at mid-term (Appraiser & Appraisee discuss results) ทบทวนความสำเร็จของแต่ละเป้าหมาย ในช่วงกลางปี (ผู้ประเมินและผู้ถูกประเมินพูดคุยกันเกี่ยวกับผลลัพธ์ที่เกิดขึ้น) | AJ80: Weight (%) น้ำหนัก | AK80: Self-Assessment () | AN80: 1st Appraisal Assessment () | AQ80: 2nd Appraisal Assessment ()
Q81: Score | R81: Achieved numeric value / condition ระบุตัวเลข / ลักษณะ ที่บอกถึงความสำเร็จตามเป้าหมาย | T81: Score | U81: Achieved numeric value / condition ระบุตัวเลข / ลักษณะ ที่บอกถึงความสำเร็จตามเป้าหมาย | W81: Score | X81: Achieved numeric value / condition ระบุตัวเลข / ลักษณะ ที่บอกถึงความสำเร็จตามเป้าหมาย | AK81: Score | AL81: Achieved numeric value / condition ระบุตัวเลข / ลักษณะ ที่บอกถึงความสำเร็จตามเป้าหมาย | AN81: Score | AO81: Achieved numeric value / condition ระบุตัวเลข / ลักษณะ ที่บอกถึงความสำเร็จตามเป้าหมาย | AQ81: Score | AR81: Achieved numeric value / condition ระบุตัวเลข / ลักษณะ ที่บอกถึงความสำเร็จตามเป้าหมาย
Q82: คะแนน | T82: คะแนน | W82: คะแนน | AK82: คะแนน | AN82: คะแนน | AQ82: คะแนน
A83: MBO (Goal) : 1
A89: MBO (Goal) : 2
A95: MBO (Goal) : 3
A101: MBO (Goal) : 4
A107: MBO (Goal) : 5
A113: Remarks : Instruction for MBO (คำแนะนำในการกรอกแบบฟอร์ม MBO) | M113: Sub Total | P113: =SUM($P$83:$P$112) -> 0 | Q113: =($P83*Q83)+($P89*Q89)+($P95*Q95)+($P101*Q101)+($P107*Q107) -> 0 | T113: =($P83*T83)+($P89*T89)+($P95*T95)+($P101*T101)+($P107*T107) -> 0 | W113: =($P83*W83)+($P89*W89)+($P95*W95)+($P101*W101)+($P107*W107) -> 0 | AG113: Sub Total | AJ113: =SUM($AJ$83:$AJ$112) -> 0 | AK113: =($AJ83*AK83)+($AJ89*AK89)+($AJ95*AK95)+($AJ101*AK101)+($AJ107*AK107) -> 0 | AN113: =($AJ83*AN83)+($AJ89*AN89)+($AJ95*AN95)+($AJ101*AN101)+($AJ107*AN107) -> 0 | AQ113: =($AJ83*AQ83)+($AJ89*AQ89)+($AJ95*AQ95)+($AJ101*AQ101)+($AJ107*AQ107) -> 0
A114: 1. Fill in individual information (name, position, grade, department /section, and the appraisal period) under appropriate columns กรอกรายละเอียดส่วนบุคคล (ชื่อ, ตำแหน่งาน, เกรด, แผนก/หน่วยงาน, และช่วงเวลาของการประเมินผล) | G114: 7. Set and agree achievement measuring criteria (what are the expected results and how will they be measured) during objective setting session with appraiser. กำหนดและหาข้อตกลงของเงื่อนไขในการชี้วัดความสำเร็จ (สิ่งที่เป็นผลลัพธ์ที่คาดหวังคืออะไร และจะวัดความสำเร็จของผลลัพธ์ที่คาดหวังนั้นได้อย่างไร)
A115: 2. Re-visit and confirm updated objectives of one's company/department/section ทบทวนและยืนยันนโยบาย/เป้าหมายที่เป็นปัจจุบันของหน่วยงาน/ แผนก/ บริษัทฯ | G115: 8. Assign weight to each objective to indicate priority / importance (total will be added up to 100%) กำหนดน้ำหนักของเป้าหมายแต่ละตัว เพื่อให้เห็นถึงความสำคัญ และลำดับก่อนหลัง (รวมแล้วเป็น 100%) | M115: Grand Total | P115: =P113+P74 -> 0 | Q115: Self | S115: =Q74+Q113 -> 0 | T115: 1st Appraiser | V115: =T74+T113 -> 0 | W115: 2nd Appraiser | Y115: =W74+W113 -> 0 | AG115: Grand Total | AJ115: =AJ113+AJ74 -> 0 | AK115: Self | AM115: =AK74+AK113 -> 0 | AN115: 1st Appraiser | AP115: =AN74+AN113 -> 0 | AQ115: 2nd Appraiser | AS115: =AQ74+AQ113 -> 0
A116: 3. Fill in definition of current grade level in order to promote accuracy in objective setting and result measuring in appropriate level เติมคำจำกัดความที่เป็นบทบาทหน้าที่ของเกรดปัจจุบัน เพื่อให้แน่ใจว่าจะทำให้การกำหนดเป้าหมายมีความถูกต้อง และการกำหนดตัวชี้วัดมีความเหมาะสมกับระดับเกรดปัจจุบัน | G116: 9. Apraisee and appraiser review and update status of each objective before appraisal period. ผู้ถูกประเมิน และ ผู้ประเมิน จะต้องทำการทบทวน และบันทึกสถานะปัจจุบัน หรือความคืบหน้าของแต่ละเป้าหมายก่อนถึงรอบการประเมิน
A117: 4. Fill in objectives under appropriate category (Part I : Common goal, Part II : Individual accountability) กำหนดเป้าหมายแต่ละหมวดหมู่อย่างเหมาะสม (ส่วนที่ 1 : เป้าหมายร่วม หรือ งานปรับปรุง งานริเริ่มที่ส่งเสริมเป้าหมายโดยรวมของแผนก ส่วนที่ 2 : ความรับผิดชอบหรืองานประจำที่ได้รับมอบหมายของแต่ละบุคคล) | G117: 10. At then end of appraisal period, apraisee elaborates level of achievement based on each objective, and state numeric score under "Self" column. Calculate total score of each part by applying weighting scale and add up total scores to obtain "grand total score" by applying weighting scale. เมื่อใกล้ช่วงเวลาการประเมินผล ผู้ถูกประเมินจะต้องบันทึกระดับของควาสำเร็จของแต่ละเป้าหมายโดยการให้คะแนนในช่อง “Self-ประเมินตนเอง” หาผลรวมของคะแนนของเป้าหมายแต่ละประเภทตามตัวถ่วงน้ำหนัก จากนั้นนำเป้าหมายทั้งสองประเภทมาหาผลรวมสุดท้ายตามตัวถ่วงน้ำหนักที่กำหนดไว้
A118: 5. Fill in action plans required for objective realization by clearly indicating "how" & "by when" & "with whom" written objectives will be carried out. บรรยายแผนงานที่จะดำเนินการ โดยจะต้องระบุข้อความให้ชัดเจน ว่าจะทำอย่างไร และ จะแล้วเสร็จเมื่อไร รวมถึง ร่วมดำเนินการกับใคร เพื่อให้เป้าหมายที่กำหนดไว้นั้นบรรลุผลสำเร็จลงได้ | G118: 11. Appraiser reviews level of achievement and assigns numeric score under "1st Appraiser" column and adds comment if necessary. ผู้ประเมินทบทวนระดับของความสำเร็จ และใส่เลขคะแนนในช่อง “ผู้ประเมินคนที่ 1” และใส่คำติชม ถ้ามี
A119: 6. Set the starting date and completed date for each objective in order to understand the actual time to complete the objective. กำหนดวันเริ่มต้น และวันเสร็จสิ้นของแต่ละเป้าหมายเพื่อให้ทราบเวลาที่ใช้ไปจริงๆ ในการทำเป้าหมายให้สำเร็จ | G119: 12. Submit MBO form for approval, 2nd evaluation result to be shown under "2nd Appraiser" column and adds comment if necessary. นำส่ง แบบฟอร์ม MBO เพื่อขอการอนุมัติ จากผู้ประเมินคนที่ 2 ซึ่งผลคะแนนจากการประเมินจะถูกนำมาใส่ในช่อง “ผู้ประเมินคนที่ 2” ซึ่งสามารถใส่เพิ่มคำติชมได้ ถ้ามี

Sheet Weight & Grade Def.
G1: 1 | H1: 2 | I1: 3 | J1: 4 | K1: 5 | L1: 6 | M1: 7 | N1: 8
B2: 1 | C2: 2 | D2: 3 | E2: 4 | F2: 5 | G2: 6 | H2: 7 | I2: 8 | J2: 9 | K2: 10 | L2: 11 | M2: 12 | N2: 13 | O2: 14 | P2: 15 | Q2: 16 | R2: 17 | S2: 18 | T2: 19 | U2: 20 | V2: 21 | W2: 22 | X2: 23 | Y2: 24
B4: Current Grade | C4: Upper | D4: Lower | G4: Current Grade | H4: Upper | I4: Lower | J4: Total MBO | K4: MBO (Initiative) | L4: MBO Regular | M4: 6 Factors | N4: Link | O4: Position title | P4: Role | W4: Formula to integrate grade definition | X4: For appraisal sheet (vlookup) | Y4: For appraisal sheet (vlookup)
Q5: Out put | R5: Process | V5: Input
Q6: Accountability | R6: Creating value | S6: Solving problem | T6: Communicating with others | U6: Developing people | V6: Knowleadege
B7: M1 | C7: - | D7: M2 | E7: E | F7: T | G7: =B7&E7 -> M1E | H7: - | I7: =D7&E7 -> M2E | J7: 70 | K7: 70 | L7: 30 | M7: 30 | N7: -Co-develops mid to long-term (3-5 years) strategy and manages divisions for achieving the company’s goals - Significantly improves or adapts existing processes/systems/products that impact to divisions,Solves multi-dimensional business issues with authority to manage operational resources, human resources and financial resources over divisions, Convinces internal and external parties who might have divergent view to accept company’s policy, Coaches Division managers and grooms successors - Has broad and substantive management knowledge across several divisions and skills for managing managers | O7: Vice President | P7: Management level | Q7: Co-develops mid to long-term (3-5 years) strategy and manages divisions for achieving the company’s goals | R7: Significantly improves or adapts existing processes/systems/products that impact to divisions | S7: Solves multi-dimensional business issues with authority to manage operational resources, human resources and financial resources over divisions | T7: Convinces internal and external parties who might have divergent view to accept company’s policy | U7: Coaches Division managers and grooms successors | V7: Has broad and substantive management knowledge across several divisions and skills for managing managers | W7: =Q7&R7&S7&T7&U7&V7 -> Co-develops mid to long-term (3-5 years) strategy and manages divisions for achieving the company’s goals Significantly improves or adapts existing processes/systems/products that impact to divisions Solves multi-dimensional business issues with authority to manage operational resources, human resources and financial resources over divisions Convinces internal and external parties who might have divergent view to accept company’s policy Coaches Division managers and grooms successors Has broad and substantive management knowledge across several divisions and skills for managing managers | X7: -Co-develops mid to long-term (3-5 years) strategy and manages divisions for achieving the company’s goals - Significantly improves or adapts existing processes/systems/products that impact to divisions,Solves multi-dimensional business issues with authority to manage operational resources, human resources and financial resources over divisions, Convinces internal and external parties who might have divergent view to accept company’s policy, Coaches Division managers and grooms successors - Has broad and substantive management knowledge across several divisions and skills for managing managers | Y7: ร่วมกำหนดแผนกลยุทธ์ระยะกลางถึงระยะยาว (3-5 ปี) และบริหารจัดการความสำเร็จของทุกๆ ฝ่ายงาน เพื่อให้บรรลุเป้าหมายของบริษัทฯ ; ดำเนินการปรับปรุง หรือ เปลี่ยนแปลงอย่างมีนัยสำคัญใน กระบวนการ / ระบบ / ผลิตภัณฑ์ ณ ปัจจุบัน ที่จะส่งผลกระทบต่อฝ่ายงานต่างๆ ; จัดการปัญหาในหลายมิติด้วยอำนาจตามบทบาทและหน้าที่ เพื่อบริหารจัดการทรัพยากรในการดำเนินงาน ทรัพยากรบุคคล และการเงินของทุกฝ่ายงาน ; โน้มน้าวบุคคลทั้งภายในและภายนอกที่เห็นต่างให้เต็มใจยอมรับนโยบายของบริษัทฯ ; พัฒนา M2 (Division Managers) ให้สามารถคิด และลงมือทำได้ด้วยตนเอง พร้อมกับสร้างผู้สืบทอดตำแหน่งไปพร้อมๆ กัน ; มีความรู้ด้านการบริหารจัดการในเชิงกว้างและมากพอ ครอบคลุมทุกฝ่ายงาน และมีทักษะในการกำกับดูแลกลุ่มผู้จัดการทั้งหมด
B8: M2 | C8: M1 | D8: M3 | E8: E | F8: T | G8: =B8&E8 -> M2E | H8: =C8&E8 -> M1E | I8: =D8&E8 -> M3E | J8: 60 | K8: 70 | L8: 30 | M8: 40 | N8: -Develops short to mid-term (1-3 years) strategy and manages the division for achieving the division’s goals - Significantly improves or adapts existing processes/systems/products that impact to the division, Solves complex business issues with authority to manage operational resources and limited human or financial resources over the division, Convinces internal and external parties who might have divergent view to accept division’s policy, Coaches Senior managers and grooms successors - Has broad knowledge of all job areas within the division and skills for managing managers | O8: Division Manager | P8: Management level | Q8: Develops short to mid-term (1-3 years) strategy and manages the division for achieving the division’s goals | R8: Significantly improves or adapts existing processes/systems/products that impact to the division | S8: Solves complex business issues with authority to manage operational resources and limited human or financial resources over the division | T8: Convinces internal and external parties who might have divergent view to accept division’s policy | U8: Coaches Senior managers and grooms successors | V8: Has broad knowledge of all job areas within the division and skills for managing managers | W8: =Q8&R8&S8&T8&U8&V8 -> Develops short to mid-term (1-3 years) strategy and manages the division for achieving the division’s goals Significantly improves or adapts existing processes/systems/products that impact to the division Solves complex business issues with authority to manage operational resources and limited human or financial resources over the division Convinces internal and external parties who might have divergent view to accept division’s policy Coaches Senior managers and grooms successors Has broad knowledge of all job areas within the division and skills for managing managers | X8: -Develops short to mid-term (1-3 years) strategy and manages the division for achieving the division’s goals - Significantly improves or adapts existing processes/systems/products that impact to the division, Solves complex business issues with authority to manage operational resources and limited human or financial resources over the division, Convinces internal and external parties who might have divergent view to accept division’s policy, Coaches Senior managers and grooms successors - Has broad knowledge of all job areas within the division and skills for managing managers | Y8: จัดทำแผนกลยุทธ์ระยะสั้นถึงระยะกลาง (1-3ปี) และบริหารจัดการการบรรลุผลสำเร็จตามเป้าหมายของฝ่ายงานที่รับผิดชอบ ; ปรับปรุง เปลี่ยนแปลงอย่างมีนัยสำคัญใน กระบวนการ / ระบบ / ผลิตภัณฑ์ ทีมีอยู่ณ ปัจจุบัน ที่จะส่งผลกระทบต่อฝ่ายงานที่รับผิดชอบ ; จัดการปัญหาทางธุรกิจที่ซับซ้อนมากขึ้นด้วยอำนาจตามบทบาทและหน้าที่ เพื่อบริหารทรัพยากรในการดำเนินงาน รวมถึงบุคลากร และการเงินของฝ่ายงานที่รับผิดชอบซึ่งมีอยู่จำกัด ; โน้มน้าวบุคคลทั้งภายในและภายนอกที่เห็นต่างให้เต็มใจยอมรับนโยบายของฝ่าย ; พัฒนา M3 หรือ Senior Manager ให้สามารถคิด และลงมือทำได้ด้วยตนเอง พร้อมกับสร้างผู้สืบทอดตำแหน่งไปพร้อมๆ กัน ; มีความรู้ในเชิงกว้างครอบคลุมทุกส่วนในฝ่ายงานที่รับผิดชอบ และมีทักษะในการกำกับดูแลกลุ่มผู้จัดการ
B9: E2 | C9: M1 | D9: E3 | E9: E | F9: T | G9: =B9&E9 -> E2E | H9: =C9&E9 -> M1E | I9: =D9&E9 -> E3E | J9: 60 | K9: 70 | L9: 30 | M9: 40 | N9: - Manages large initiatives that create significant value to entire company’s operation for achieving critical initiative’s goals - Enhances existing processes/systems/products for level up company performance, Solves business issues with some authorities to manage operational resources and limited human or financial resources related the initiatives, Convinces internal and external parties who might have divergent view to accept the initiative policy, Coaches and shares knowledge with others - Has advanced and well-developed job knowledge for assigned project operating and skills for managing team members | O9: Expert | P9: Specialist | Q9: Manages large initiatives that create significant value to entire company’s operation for achieving critical initiative’s goals | R9: Enhances existing processes/systems/products for level up company performance | S9: Solves business issues with some authorities to manage operational resources and limited human or financial resources related the initiatives | T9: Convinces internal and external parties who might have divergent view to accept the initiative policy | U9: Coaches and shares knowledge with others | V9: Has advanced and well-developed job knowledge for assigned project operating and skills for managing team members | W9: =Q9&R9&S9&T9&U9&V9 -> Manages large initiatives that create significant value to entire company’s operation for achieving critical initiative’s goals Enhances existing processes/systems/products for level up company performance Solves business issues with some authorities to manage operational resources and limited human or financial resources related the initiatives Convinces internal and external parties who might have divergent view to accept the initiative policy Coaches and shares knowledge with others Has advanced and well-developed job knowledge for assigned project operating and skills for managing team members | X9: - Manages large initiatives that create significant value to entire company’s operation for achieving critical initiative’s goals - Enhances existing processes/systems/products for level up company performance, Solves business issues with some authorities to manage operational resources and limited human or financial resources related the initiatives, Convinces internal and external parties who might have divergent view to accept the initiative policy, Coaches and shares knowledge with others - Has advanced and well-developed job knowledge for assigned project operating and skills for managing team members | Y9: บริหารโครงการริเริ่มขนาดใหญ่ ที่จะสร้างคุณค่า หรือเป็นประโยชน์อย่างมีนัยสำคัญต่อการดำเนินงานของบริษัทฯ ในภาพรวม เพื่อให้บรรลุผลสำเร็จตามเป้าหมายสำคัญที่โครงการกำหนดไว้ ; เพิ่มระดับความสำเร็จของกระบวนการ / ระบบ / ผลิตภัณฑ์ที่มีอยู่ เพื่อยกระดับผลการดำเนินงานขององค์กรให้ดีขึ้น ; จัดการปัญหาทางธุรกิจ ด้วยอำนาจเท่าที่ได้รับมอบหมาย เพื่อบริหารทรัพยากรในการดำเนินงาน, รวมถึงทรัพยากรบุคคลากร หรือการเงินของโครงการที่ริเริ่มนั้นๆ ซึ่งมีอยู่จำกัด ; โน้มน้าวบุคคลภายในและภายนอกที่มีความเห็นต่างให้เกิดการยอมรับในนโยบายของโครงการที่ริเริ่มนั้นๆ ; แบ่งปันความรู้ และพัฒนาผู้อื่นให้สามารถคิดและดำเนินการได้ด้วยตนเอง ; มีความรู้ที่ได้รับการพัฒนามาเป็นอย่างดีและเป็นความรู้ระดับก้าวหน้าเพื่อบริหารจัดการโครงการที่ได้รับมอบหมาย และมีทักษะในการจัดการสมาชิกในทีม
B10: S2 | C10: M1 | D10: S3 | E10: E | F10: T | G10: =B10&E10 -> S2E | H10: =C10&E10 -> M1E | I10: =D10&E10 -> S3E | J10: 60 | K10: 70 | L10: 30 | M10: 40 | N10: - Manages large initiatives that create significant value to entire company’s operation for achieving critical initiative’s goals - Enhances existing processes/systems/products for level up company performance, Solves business issues with some authorities to manage operational resources and limited human or financial resources related the initiatives, Convinces internal and external parties who might have divergent view to accept the initiative policy, Coaches and shares knowledge with others - Has advanced and well-developed job knowledge for assigned project operating and skills for managing team members | O10: Expert | P10: Specialist | Q10: Manages large initiatives that create significant value to entire company’s operation for achieving critical initiative’s goals | R10: Enhances existing processes/systems/products for level up company performance | S10: Solves business issues with some authorities to manage operational resources and limited human or financial resources related the initiatives | T10: Convinces internal and external parties who might have divergent view to accept the initiative policy | U10: Coaches and shares knowledge with others | V10: Has advanced and well-developed job knowledge for assigned project operating and skills for managing team members | W10: =Q10&R10&S10&T10&U10&V10 -> Manages large initiatives that create significant value to entire company’s operation for achieving critical initiative’s goals Enhances existing processes/systems/products for level up company performance Solves business issues with some authorities to manage operational resources and limited human or financial resources related the initiatives Convinces internal and external parties who might have divergent view to accept the initiative policy Coaches and shares knowledge with others Has advanced and well-developed job knowledge for assigned project operating and skills for managing team members | X10: - Manages large initiatives that create significant value to entire company’s operation for achieving critical initiative’s goals - Enhances existing processes/systems/products for level up company performance, Solves business issues with some authorities to manage operational resources and limited human or financial resources related the initiatives, Convinces internal and external parties who might have divergent view to accept the initiative policy, Coaches and shares knowledge with others - Has advanced and well-developed job knowledge for assigned project operating and skills for managing team members | Y10: บริหารโครงการริเริ่มขนาดใหญ่ ที่จะสร้างคุณค่า หรือเป็นประโยชน์อย่างมีนัยสำคัญต่อการดำเนินงานของบริษัทฯ ในภาพรวม เพื่อให้บรรลุผลสำเร็จตามเป้าหมายสำคัญที่โครงการกำหนดไว้ ; เพิ่มระดับความสำเร็จของกระบวนการ / ระบบ / ผลิตภัณฑ์ที่มีอยู่ เพื่อยกระดับผลการดำเนินงานขององค์กรให้ดีขึ้น ; จัดการปัญหาทางธุรกิจ ด้วยอำนาจเท่าที่ได้รับมอบหมาย เพื่อบริหารทรัพยากรในการดำเนินงาน, รวมถึงทรัพยากรบุคคลากร หรือการเงินของโครงการที่ริเริ่มนั้นๆ ซึ่งมีอยู่จำกัด ; โน้มน้าวบุคคลภายในและภายนอกที่มีความเห็นต่างให้เกิดการยอมรับในนโยบายของโครงการที่ริเริ่มนั้นๆ ; แบ่งปันความรู้ และพัฒนาผู้อื่นให้สามารถคิดและดำเนินการได้ด้วยตนเอง ; มีความรู้ที่ได้รับการพัฒนามาเป็นอย่างดีและเป็นความรู้ระดับก้าวหน้าเพื่อบริหารจัดการโครงการที่ได้รับมอบหมาย และมีทักษะในการจัดการสมาชิกในทีม
B11: G2 | C11: M1 | D11: G3 | E11: E | F11: T | G11: =B11&E11 -> G2E | H11: =C11&E11 -> M1E | I11: =D11&E11 -> G3E | J11: 60 | K11: 70 | L11: 30 | M11: 40 | N11: - Manages large initiatives that create significant value to entire company’s operation for achieving critical initiative’s goals - Enhances existing processes/systems/products for level up company performance, Solves business issues with some authorities to manage operational resources and limited human or financial resources related the initiatives, Convinces internal and external parties who might have divergent view to accept the initiative policy, Coaches and shares knowledge with others - Has advanced and well-developed job knowledge for assigned project operating and skills for managing team members | O11: Expert | P11: Specialist | Q11: Manages large initiatives that create significant value to entire company’s operation for achieving critical initiative’s goals | R11: Enhances existing processes/systems/products for level up company performance | S11: Solves business issues with some authorities to manage operational resources and limited human or financial resources related the initiatives | T11: Convinces internal and external parties who might have divergent view to accept the initiative policy | U11: Coaches and shares knowledge with others | V11: Has advanced and well-developed job knowledge for assigned project operating and skills for managing team members | W11: =Q11&R11&S11&T11&U11&V11 -> Manages large initiatives that create significant value to entire company’s operation for achieving critical initiative’s goals Enhances existing processes/systems/products for level up company performance Solves business issues with some authorities to manage operational resources and limited human or financial resources related the initiatives Convinces internal and external parties who might have divergent view to accept the initiative policy Coaches and shares knowledge with others Has advanced and well-developed job knowledge for assigned project operating and skills for managing team members | X11: - Manages large initiatives that create significant value to entire company’s operation for achieving critical initiative’s goals - Enhances existing processes/systems/products for level up company performance, Solves business issues with some authorities to manage operational resources and limited human or financial resources related the initiatives, Convinces internal and external parties who might have divergent view to accept the initiative policy, Coaches and shares knowledge with others - Has advanced and well-developed job knowledge for assigned project operating and skills for managing team members | Y11: บริหารโครงการริเริ่มขนาดใหญ่ ที่จะสร้างคุณค่า หรือเป็นประโยชน์อย่างมีนัยสำคัญต่อการดำเนินงานของบริษัทฯ ในภาพรวม เพื่อให้บรรลุผลสำเร็จตามเป้าหมายสำคัญที่โครงการกำหนดไว้ ; เพิ่มระดับความสำเร็จของกระบวนการ / ระบบ / ผลิตภัณฑ์ที่มีอยู่ เพื่อยกระดับผลการดำเนินงานขององค์กรให้ดีขึ้น ; จัดการปัญหาทางธุรกิจ ด้วยอำนาจเท่าที่ได้รับมอบหมาย เพื่อบริหารทรัพยากรในการดำเนินงาน, รวมถึงทรัพยากรบุคคลากร หรือการเงินของโครงการที่ริเริ่มนั้นๆ ซึ่งมีอยู่จำกัด ; โน้มน้าวบุคคลภายในและภายนอกที่มีความเห็นต่างให้เกิดการยอมรับในนโยบายของโครงการที่ริเริ่มนั้นๆ ; แบ่งปันความรู้ และพัฒนาผู้อื่นให้สามารถคิดและดำเนินการได้ด้วยตนเอง ; มีความรู้ที่ได้รับการพัฒนามาเป็นอย่างดีและเป็นความรู้ระดับก้าวหน้าเพื่อบริหารจัดการโครงการที่ได้รับมอบหมาย และมีทักษะในการจัดการสมาชิกในทีม
B12: M3 | C12: M2 | D12: M4 | E12: E | F12: T | G12: =B12&E12 -> M3E | H12: =C12&E12 -> M2E | I12: =D12&E12 -> M4E | J12: 50 | K12: 70 | L12: 30 | M12: 50 | N12: - Develops short-term plan (1 year) and manages departments / factory for achieving departments / factory’s goals - Significantly improves or adapts existing processes/systems/products for level up departments / factory performance, Solves complex business issues with authority to manage operational resources and limited human or financial resources over departments / factory, Convinces internal and external parties who are unwilling to accept departments / factory’s policy, Coaches Manager and grooms successors - Has deep and broad knowledge for departments / factory and skills for managing managers | O12: Senior Manager | P12: Management level | Q12: Develops short-term plan (1 year) and manages departments / factory for achieving departments / factory’s goals | R12: Significantly improves or adapts existing processes/systems/products for level up departments / factory performance | S12: Solves complex business issues with authority to manage operational resources and limited human or financial resources over departments / factory | T12: Convinces internal and external parties who are unwilling to accept departments / factory’s policy | U12: Coaches Manager and grooms successors | V12: Has deep and broad knowledge for departments / factory and skills for managing managers | W12: =Q12&R12&S12&T12&U12&V12 -> Develops short-term plan (1 year) and manages departments / factory for achieving departments / factory’s goals Significantly improves or adapts existing processes/systems/products for level up departments / factory performance Solves complex business issues with authority to manage operational resources and limited human or financial resources over departments / factory Convinces internal and external parties who are unwilling to accept departments / factory’s policy Coaches Manager and grooms successors Has deep and broad knowledge for departments / factory and skills for managing managers | X12: - Develops short-term plan (1 year) and manages departments / factory for achieving departments / factory’s goals - Significantly improves or adapts existing processes/systems/products for level up departments / factory performance, Solves complex business issues with authority to manage operational resources and limited human or financial resources over departments / factory, Convinces internal and external parties who are unwilling to accept departments / factory’s policy, Coaches Manager and grooms successors - Has deep and broad knowledge for departments / factory and skills for managing managers | Y12: จัดทำแผนระยะสั้น 1 ปี และบริหารจัดการความสำเร็จของหลายแผนก / โรงงานที่กำกับดูแล ; ปรับปรุง ปรับเปลี่ยน กระบวนการ / ระบบ / ผลิตภัณฑ์ ที่มีอยู่ ณ ปัจจุบันอย่างมีนัยสำคัญ เพื่อยกระดับผลการดำเนินงานของหลายแผนก / โรงงานที่กำกับดูแล ; จัดการปัญหาทางธุรกิจที่ซับซ้อน ด้วยอำนาจตามบทบาทและหน้าที่ เพื่อบริหารทรัพยากรในการดำเนินงาน รวมถึงทรัพยากรบุคคล และการเงินซึ่งมีอยู่จำกัดของหลายแผนก / โรงงานที่กำกับดูแล ; โน้มน้าวบุคคลทั้งภายในและภายนอกที่ไม่เต็มใจยอมรับนโยบายของหลายแผนก / โรงงานที่กำกับดูแล ให้หันมาร่วมมือและให้การสนับสนุน ; พัฒนา M4 หรือ Managers ให้สามารถคิด และลงมือทำได้ด้วยตนเอง พร้อมกับสร้างผู้สืบทอดตำแหน่งไปพร้อมๆ กัน ; มีความรู้ทั้งในเชิงกว้างและเชิงลึก ครอบคลุมทุกแผนก หรือ โรงงานที่รับผิดชอบ และมีทักษะในการกำกับดูแล กลุ่มผู้จัดการ
B13: E3 | C13: E2 | D13: E4 | E13: E | F13: T | G13: =B13&E13 -> E3E | H13: =C13&E13 -> E2E | I13: =D13&E13 -> E4E | J13: 50 | K13: 70 | L13: 30 | M13: 50 | N13: - Manages large initiatives that create significant value to the division for achieving initiative’s goals - Enhances existing processes/systems/products for level up division performance, Solves business issues with some authorities to manage operational resources and limited human or financial resources related the initiatives, Convinces internal and external parties who are unwilling to accept the initiative policy, Coaches and shares knowledge with others - Has board and well-developed job knowledge for assigned project operating and skills for managing team members | O13: Senior Specialist | P13: Specialist | Q13: Manages large initiatives that create significant value to the division for achieving initiative’s goals | R13: Enhances existing processes/systems/products for level up division performance | S13: Solves business issues with some authorities to manage operational resources and limited human or financial resources related the initiatives | T13: Convinces internal and external parties who are unwilling to accept the initiative policy | U13: Coaches and shares knowledge with others | V13: Has board and well-developed job knowledge for assigned project operating and skills for managing team members | W13: =Q13&R13&S13&T13&U13&V13 -> Manages large initiatives that create significant value to the division for achieving initiative’s goals Enhances existing processes/systems/products for level up division performance Solves business issues with some authorities to manage operational resources and limited human or financial resources related the initiatives Convinces internal and external parties who are unwilling to accept the initiative policy Coaches and shares knowledge with others Has board and well-developed job knowledge for assigned project operating and skills for managing team members | X13: - Manages large initiatives that create significant value to the division for achieving initiative’s goals - Enhances existing processes/systems/products for level up division performance, Solves business issues with some authorities to manage operational resources and limited human or financial resources related the initiatives, Convinces internal and external parties who are unwilling to accept the initiative policy, Coaches and shares knowledge with others - Has board and well-developed job knowledge for assigned project operating and skills for managing team members | Y13: บริหารโครงการริเริ่มขนาดใหญ่ ที่จะสร้างคุณค่า หรือเป็นประโยชน์อย่างมีนัยสำคัญต่อฝ่ายงานหนึ่ง เพื่อให้บรรลุผลสำเร็จตามเป้าหมายที่โครงการกำหนดไว้ ; เพิ่มระดับความสำเร็จให้กับกระบวนการ / ระบบ / ผลิตภัณฑ์ที่มีอยู่ เพื่อยกระดับผลการดำเนินงานของฝ่ายให้ดีขึ้น ; จัดการปัญหาทางธุรกิจ ด้วยอำนาจเท่าที่ได้รับมอบหมาย เพื่อบริหารทรัพยากรในการดำเนินงาน, รวมถึงทรัพยากรบุคคลากร หรือการเงินของโครงการที่ริเริ่มนั้นๆ ซึ่งมีอยู่จำกัด ; โน้มน้าวบุคคลภายในและภายนอกที่ไม่เต็มใจยอมรับนโยบายของโครงการให้เกิดการยอมรับและให้ความร่วมมือ ; แบ่งปันความรู้ และพัฒนาผู้อื่นให้สามารถคิดและดำเนินการได้ด้วยตนเอง ; มีความรู้ที่ได้รับการพัฒนามาเป็นอย่างดี และมีความรู้กว้าง เพื่อใช้บริหารจัดการโครงการที่ได้รับมอบหมาย และมีทักษะในการจัดการสมาชิกในทีม
B14: S3 | C14: S2 | D14: S4 | E14: E | F14: T | G14: =B14&E14 -> S3E | H14: =C14&E14 -> S2E | I14: =D14&E14 -> S4E | J14: 50 | K14: 70 | L14: 30 | M14: 50 | N14: - Manages large initiatives that create significant value to the division for achieving initiative’s goals - Enhances existing processes/systems/products for level up division performance, Solves business issues with some authorities to manage operational resources and limited human or financial resources related the initiatives, Convinces internal and external parties who are unwilling to accept the initiative policy, Coaches and shares knowledge with others - Has board and well-developed job knowledge for assigned project operating and skills for managing team members | O14: Senior Specialist | P14: Specialist | Q14: Manages large initiatives that create significant value to the division for achieving initiative’s goals | R14: Enhances existing processes/systems/products for level up division performance | S14: Solves business issues with some authorities to manage operational resources and limited human or financial resources related the initiatives | T14: Convinces internal and external parties who are unwilling to accept the initiative policy | U14: Coaches and shares knowledge with others | V14: Has board and well-developed job knowledge for assigned project operating and skills for managing team members | W14: =Q14&R14&S14&T14&U14&V14 -> Manages large initiatives that create significant value to the division for achieving initiative’s goals Enhances existing processes/systems/products for level up division performance Solves business issues with some authorities to manage operational resources and limited human or financial resources related the initiatives Convinces internal and external parties who are unwilling to accept the initiative policy Coaches and shares knowledge with others Has board and well-developed job knowledge for assigned project operating and skills for managing team members | X14: - Manages large initiatives that create significant value to the division for achieving initiative’s goals - Enhances existing processes/systems/products for level up division performance, Solves business issues with some authorities to manage operational resources and limited human or financial resources related the initiatives, Convinces internal and external parties who are unwilling to accept the initiative policy, Coaches and shares knowledge with others - Has board and well-developed job knowledge for assigned project operating and skills for managing team members | Y14: บริหารโครงการริเริ่มขนาดใหญ่ ที่จะสร้างคุณค่า หรือเป็นประโยชน์อย่างมีนัยสำคัญต่อฝ่ายงานหนึ่ง เพื่อให้บรรลุผลสำเร็จตามเป้าหมายที่โครงการกำหนดไว้ ; เพิ่มระดับความสำเร็จให้กับกระบวนการ / ระบบ / ผลิตภัณฑ์ที่มีอยู่ เพื่อยกระดับผลการดำเนินงานของฝ่ายให้ดีขึ้น ; จัดการปัญหาทางธุรกิจ ด้วยอำนาจเท่าที่ได้รับมอบหมาย เพื่อบริหารทรัพยากรในการดำเนินงาน, รวมถึงทรัพยากรบุคคลากร หรือการเงินของโครงการที่ริเริ่มนั้นๆ ซึ่งมีอยู่จำกัด ; โน้มน้าวบุคคลภายในและภายนอกที่ไม่เต็มใจยอมรับนโยบายของโครงการให้เกิดการยอมรับและให้ความร่วมมือ ; แบ่งปันความรู้ และพัฒนาผู้อื่นให้สามารถคิดและดำเนินการได้ด้วยตนเอง ; มีความรู้ที่ได้รับการพัฒนามาเป็นอย่างดี และมีความรู้กว้าง เพื่อใช้บริหารจัดการโครงการที่ได้รับมอบหมาย และมีทักษะในการจัดการสมาชิกในทีม
B15: G3 | C15: G2 | D15: G4 | E15: E | F15: T | G15: =B15&E15 -> G3E | H15: =C15&E15 -> G2E | I15: =D15&E15 -> G4E | J15: 50 | K15: 70 | L15: 30 | M15: 50 | N15: - Manages large initiatives that create significant value to the division for achieving initiative’s goals - Enhances existing processes/systems/products for level up division performance, Solves business issues with some authorities to manage operational resources and limited human or financial resources related the initiatives, Convinces internal and external parties who are unwilling to accept the initiative policy, Coaches and shares knowledge with others - Has board and well-developed job knowledge for assigned project operating and skills for managing team members | O15: Senior Specialist | P15: Specialist | Q15: Manages large initiatives that create significant value to the division for achieving initiative’s goals | R15: Enhances existing processes/systems/products for level up division performance | S15: Solves business issues with some authorities to manage operational resources and limited human or financial resources related the initiatives | T15: Convinces internal and external parties who are unwilling to accept the initiative policy | U15: Coaches and shares knowledge with others | V15: Has board and well-developed job knowledge for assigned project operating and skills for managing team members | W15: =Q15&R15&S15&T15&U15&V15 -> Manages large initiatives that create significant value to the division for achieving initiative’s goals Enhances existing processes/systems/products for level up division performance Solves business issues with some authorities to manage operational resources and limited human or financial resources related the initiatives Convinces internal and external parties who are unwilling to accept the initiative policy Coaches and shares knowledge with others Has board and well-developed job knowledge for assigned project operating and skills for managing team members | X15: - Manages large initiatives that create significant value to the division for achieving initiative’s goals - Enhances existing processes/systems/products for level up division performance, Solves business issues with some authorities to manage operational resources and limited human or financial resources related the initiatives, Convinces internal and external parties who are unwilling to accept the initiative policy, Coaches and shares knowledge with others - Has board and well-developed job knowledge for assigned project operating and skills for managing team members | Y15: บริหารโครงการริเริ่มขนาดใหญ่ ที่จะสร้างคุณค่า หรือเป็นประโยชน์อย่างมีนัยสำคัญต่อฝ่ายงานหนึ่ง เพื่อให้บรรลุผลสำเร็จตามเป้าหมายที่โครงการกำหนดไว้ ; เพิ่มระดับความสำเร็จให้กับกระบวนการ / ระบบ / ผลิตภัณฑ์ที่มีอยู่ เพื่อยกระดับผลการดำเนินงานของฝ่ายให้ดีขึ้น ; จัดการปัญหาทางธุรกิจ ด้วยอำนาจเท่าที่ได้รับมอบหมาย เพื่อบริหารทรัพยากรในการดำเนินงาน, รวมถึงทรัพยากรบุคคลากร หรือการเงินของโครงการที่ริเริ่มนั้นๆ ซึ่งมีอยู่จำกัด ; โน้มน้าวบุคคลภายในและภายนอกที่ไม่เต็มใจยอมรับนโยบายของโครงการให้เกิดการยอมรับและให้ความร่วมมือ ; แบ่งปันความรู้ และพัฒนาผู้อื่นให้สามารถคิดและดำเนินการได้ด้วยตนเอง ; มีความรู้ที่ได้รับการพัฒนามาเป็นอย่างดี และมีความรู้กว้าง เพื่อใช้บริหารจัดการโครงการที่ได้รับมอบหมาย และมีทักษะในการจัดการสมาชิกในทีม
B16: M4 | C16: M3 | D16: M5 | E16: E | F16: T | G16: =B16&E16 -> M4E | H16: =C16&E16 -> M3E | I16: =D16&E16 -> M5E | J16: 50 | K16: 70 | L16: 30 | M16: 50 | N16: - Develops action plan (1 year) and manages the department for achieving department’s goals - Enhances existing processes/systems/products for level up department performance, Solves business issues with some authorities to manage operational resources and limited human or financial resources in own department, Convinces internal and external parties who are unwilling to accept department’s policy, Coaches Section Manager and Assistant Managers and grooms successors - Has deep and broad knowledge for department and skills for managing managers | O16: Manager | P16: Management level | Q16: Develops action plan (1 year) and manages the department for achieving department’s goals | R16: Enhances existing processes/systems/products for level up department performance | S16: Solves business issues with some authorities to manage operational resources and limited human or financial resources in own department | T16: Convinces internal and external parties who are unwilling to accept department’s policy | U16: Coaches Assistant Managers and grooms successors | V16: Has deep and broad knowledge for department and skills for managing managers | W16: =Q16&R16&S16&T16&U16&V16 -> Develops action plan (1 year) and manages the department for achieving department’s goals Enhances existing processes/systems/products for level up department performance Solves business issues with some authorities to manage operational resources and limited human or financial resources in own department Convinces internal and external parties who are unwilling to accept department’s policy Coaches Assistant Managers and grooms successors Has deep and broad knowledge for department and skills for managing managers | X16: - Develops action plan (1 year) and manages the department for achieving department’s goals - Enhances existing processes/systems/products for level up department performance, Solves business issues with some authorities to manage operational resources and limited human or financial resources in own department, Convinces internal and external parties who are unwilling to accept department’s policy, Coaches Section Manager and Assistant Managers and grooms successors - Has deep and broad knowledge for department and skills for managing managers | Y16: จัดทำแผนการปฎิบัติงาน (1ปี) และบริหารจัดการแผนกที่รับผิดชอบเพื่อให้บรรลุเป้าหมายที่กำหนดไว้ ; เพิ่มระดับความสำเร็จให้กับกระบวนการ / ระบบ / ผลิตภัณฑ์ ที่มีอยู่ เพื่อยกระดับผลการดำเนินงานของแผนกให้ดีขึ้น ; จัดการปัญหาทางธุรกิจ ด้วยอำนาจตามบทบาทและหน้าที่ เพื่อบริหารจัดการทรัพยากรในการดำเนินงาน รวมถึงทรัพยากรบุคคล และการเงินซึ่งมีอยู่จำกัดในแผนกที่รับผิดชอบ ; โน้มน้าวบุคคลภายในและภายนอกที่ไม่เต็มใจยอมรับนโยบายของแผนกให้เกิดการยอมรับและให้ความร่วมมือ ; พัฒนา Section Manager และ Assistant Manager รวมถึงสร้างผู้สืบทอดตำแหน่ง ; มีความรู้ทั้งในเชิงกว้างและเชิงลึก ครอบคลุมแผนกที่รับผิดชอบ และมีทักษะในการกำกับดูแลกลุ่มผู้จัดการ
B17: E4 | C17: E3 | D17: E5 | E17: E | F17: T | G17: =B17&E17 -> E4E | H17: =C17&E17 -> E3E | I17: =D17&E17 -> E5E | J17: 50 | K17: 70 | L17: 30 | M17: 50 | N17: - Manages initiatives that create significant value to the departments / factory for achieving initiative’s goals - Enhances existing processes/systems/products for level up departments / factory performance, Solves business issues with some authorities to manage operational resources and limited human or financial resources related the initiatives, Convinces internal and external parties who are unwilling to accept the initiative policy, Coaches and shares knowledge with others - Has well-developed job knowledge for assigned project operating and skills for managing team members | O17: Specialist | P17: Specialist | Q17: Manages initiatives that create significant value to the departments / factory for achieving initiative’s goals | R17: Enhances existing processes/systems/products for level up departments / factory performance | S17: Solves business issues with some authorities to manage operational resources and limited human or financial resources related the initiatives | T17: Convinces internal and external parties who are unwilling to accept the initiative policy | U17: Coaches and shares knowledge with others | V17: Has well-developed job knowledge for assigned project operating and skills for managing team members | W17: =Q17&R17&S17&T17&U17&V17 -> Manages initiatives that create significant value to the departments / factory for achieving initiative’s goals Enhances existing processes/systems/products for level up departments / factory performance Solves business issues with some authorities to manage operational resources and limited human or financial resources related the initiatives Convinces internal and external parties who are unwilling to accept the initiative policy Coaches and shares knowledge with others Has well-developed job knowledge for assigned project operating and skills for managing team members | X17: - Manages initiatives that create significant value to the departments / factory for achieving initiative’s goals - Enhances existing processes/systems/products for level up departments / factory performance, Solves business issues with some authorities to manage operational resources and limited human or financial resources related the initiatives, Convinces internal and external parties who are unwilling to accept the initiative policy, Coaches and shares knowledge with others - Has well-developed job knowledge for assigned project operating and skills for managing team members | Y17: บริหารโครงการริเริ่ม ที่จะสร้างคุณค่า หรือเป็นประโยชน์อย่างมีนัยสำคัญต่อหลายแผนก / โรงงานแห่งหนึ่งแห่งใด เพื่อให้บรรลุผลสำเร็จตามเป้าหมายที่โครงการกำหนดไว้ ; เพิ่มระดับความสำเร็จให้กับกระบวนการ / ระบบ / ผลิตภัณฑ์ที่มีอยู่ เพื่อยกระดับผลการดำเนินงานหลายแผนก / โรงงานแห่งหนึ่งแห่งใด ให้ดีขึ้น ; จัดการปัญหาทางธุรกิจ ด้วยอำนาจตามที่ได้รับมอบหมาย เพื่อบริหารทรัพยากรในการดำเนินงาน, รวมถึงทรัพยากรบุคคลากร หรือการเงินของโครงการที่ริเริ่มนั้นๆ ซึ่งมีอยู่จำกัด ; โน้มน้าวบุคคลภายในและภายนอกที่ไม่เต็มใจยอมรับนโยบายของโครงการให้เกิดการยอมรับและให้ความร่วมมือ ; แบ่งปันความรู้ และพัฒนาผู้อื่นให้สามารถคิดและดำเนินการได้ด้วยตนเอง ; มีความรู้ที่ได้รับการพัฒนามาเป็นอย่างดี เพื่อใช้บริหารจัดการโครงการที่ได้รับมอบหมาย และมีทักษะในการจัดการสมาชิกในทีม
B18: S4 | C18: S3 | D18: S5 | E18: E | F18: T | G18: =B18&E18 -> S4E | H18: =C18&E18 -> S3E | I18: =D18&E18 -> S5E | J18: 50 | K18: 70 | L18: 30 | M18: 50 | N18: - Manages initiatives that create significant value to the departments / factory for achieving initiative’s goals - Enhances existing processes/systems/products for level up departments / factory performance, Solves business issues with some authorities to manage operational resources and limited human or financial resources related the initiatives, Convinces internal and external parties who are unwilling to accept the initiative policy, Coaches and shares knowledge with others - Has well-developed job knowledge for assigned project operating and skills for managing team members | O18: Specialist | P18: Specialist | Q18: Manages initiatives that create significant value to the departments / factory for achieving initiative’s goals | R18: Enhances existing processes/systems/products for level up departments / factory performance | S18: Solves business issues with some authorities to manage operational resources and limited human or financial resources related the initiatives | T18: Convinces internal and external parties who are unwilling to accept the initiative policy | U18: Coaches and shares knowledge with others | V18: Has well-developed job knowledge for assigned project operating and skills for managing team members | W18: =Q18&R18&S18&T18&U18&V18 -> Manages initiatives that create significant value to the departments / factory for achieving initiative’s goals Enhances existing processes/systems/products for level up departments / factory performance Solves business issues with some authorities to manage operational resources and limited human or financial resources related the initiatives Convinces internal and external parties who are unwilling to accept the initiative policy Coaches and shares knowledge with others Has well-developed job knowledge for assigned project operating and skills for managing team members | X18: - Manages initiatives that create significant value to the departments / factory for achieving initiative’s goals - Enhances existing processes/systems/products for level up departments / factory performance, Solves business issues with some authorities to manage operational resources and limited human or financial resources related the initiatives, Convinces internal and external parties who are unwilling to accept the initiative policy, Coaches and shares knowledge with others - Has well-developed job knowledge for assigned project operating and skills for managing team members | Y18: บริหารโครงการริเริ่ม ที่จะสร้างคุณค่า หรือเป็นประโยชน์อย่างมีนัยสำคัญต่อหลายแผนก / โรงงานแห่งหนึ่งแห่งใด เพื่อให้บรรลุผลสำเร็จตามเป้าหมายที่โครงการกำหนดไว้ ; เพิ่มระดับความสำเร็จให้กับกระบวนการ / ระบบ / ผลิตภัณฑ์ที่มีอยู่ เพื่อยกระดับผลการดำเนินงานหลายแผนก / โรงงานแห่งหนึ่งแห่งใด ให้ดีขึ้น ; จัดการปัญหาทางธุรกิจ ด้วยอำนาจตามที่ได้รับมอบหมาย เพื่อบริหารทรัพยากรในการดำเนินงาน, รวมถึงทรัพยากรบุคคลากร หรือการเงินของโครงการที่ริเริ่มนั้นๆ ซึ่งมีอยู่จำกัด ; โน้มน้าวบุคคลภายในและภายนอกที่ไม่เต็มใจยอมรับนโยบายของโครงการให้เกิดการยอมรับและให้ความร่วมมือ ; แบ่งปันความรู้ และพัฒนาผู้อื่นให้สามารถคิดและดำเนินการได้ด้วยตนเอง ; มีความรู้ที่ได้รับการพัฒนามาเป็นอย่างดี เพื่อใช้บริหารจัดการโครงการที่ได้รับมอบหมาย และมีทักษะในการจัดการสมาชิกในทีม
B19: G4 | C19: G3 | D19: G5 | E19: E | F19: T | G19: =B19&E19 -> G4E | H19: =C19&E19 -> G3E | I19: =D19&E19 -> G5E | J19: 50 | K19: 70 | L19: 30 | M19: 50 | N19: - Manages initiatives that create significant value to the departments / factory for achieving initiative’s goals - Enhances existing processes/systems/products for level up departments / factory performance, Solves business issues with some authorities to manage operational resources and limited human or financial resources related the initiatives, Convinces internal and external parties who are unwilling to accept the initiative policy, Coaches and shares knowledge with others - Has well-developed job knowledge for assigned project operating and skills for managing team members | O19: Specialist | P19: Specialist | Q19: Manages initiatives that create significant value to the departments / factory for achieving initiative’s goals | R19: Enhances existing processes/systems/products for level up departments / factory performance | S19: Solves business issues with some authorities to manage operational resources and limited human or financial resources related the initiatives | T19: Convinces internal and external parties who are unwilling to accept the initiative policy | U19: Coaches and shares knowledge with others | V19: Has well-developed job knowledge for assigned project operating and skills for managing team members | W19: =Q19&R19&S19&T19&U19&V19 -> Manages initiatives that create significant value to the departments / factory for achieving initiative’s goals Enhances existing processes/systems/products for level up departments / factory performance Solves business issues with some authorities to manage operational resources and limited human or financial resources related the initiatives Convinces internal and external parties who are unwilling to accept the initiative policy Coaches and shares knowledge with others Has well-developed job knowledge for assigned project operating and skills for managing team members | X19: - Manages initiatives that create significant value to the departments / factory for achieving initiative’s goals - Enhances existing processes/systems/products for level up departments / factory performance, Solves business issues with some authorities to manage operational resources and limited human or financial resources related the initiatives, Convinces internal and external parties who are unwilling to accept the initiative policy, Coaches and shares knowledge with others - Has well-developed job knowledge for assigned project operating and skills for managing team members | Y19: บริหารโครงการริเริ่ม ที่จะสร้างคุณค่า หรือเป็นประโยชน์อย่างมีนัยสำคัญต่อหลายแผนก / โรงงานแห่งหนึ่งแห่งใด เพื่อให้บรรลุผลสำเร็จตามเป้าหมายที่โครงการกำหนดไว้ ; เพิ่มระดับความสำเร็จให้กับกระบวนการ / ระบบ / ผลิตภัณฑ์ที่มีอยู่ เพื่อยกระดับผลการดำเนินงานหลายแผนก / โรงงานแห่งหนึ่งแห่งใด ให้ดีขึ้น ; จัดการปัญหาทางธุรกิจ ด้วยอำนาจตามที่ได้รับมอบหมาย เพื่อบริหารทรัพยากรในการดำเนินงาน, รวมถึงทรัพยากรบุคคลากร หรือการเงินของโครงการที่ริเริ่มนั้นๆ ซึ่งมีอยู่จำกัด ; โน้มน้าวบุคคลภายในและภายนอกที่ไม่เต็มใจยอมรับนโยบายของโครงการให้เกิดการยอมรับและให้ความร่วมมือ ; แบ่งปันความรู้ และพัฒนาผู้อื่นให้สามารถคิดและดำเนินการได้ด้วยตนเอง ; มีความรู้ที่ได้รับการพัฒนามาเป็นอย่างดี เพื่อใช้บริหารจัดการโครงการที่ได้รับมอบหมาย และมีทักษะในการจัดการสมาชิกในทีม
... B27: G6 | C27: G5 | D27: G7 | E27: E | F27: T | G27: =B27&E27 -> G6E | H27: =C27&E27 -> G5E | I27: =D27&E27 -> G7E | J27: 40 | K27: 60 | L27: 40 | M27: 60 | N27: - Executes critical assignments independently within the job area - Adapts or Checks, corrects problem exiting operation systems or processes, Solves operational issue with limited authority to manage operational resources in assigned areas, Convinces or Explains facts, practices, policies to internal and external parties, Teaches job knowledge to lower level - Has advances knowledge within one job area | O27: Supervisor | P27: Individual contributor | Q27: Executes critical assignments independently within the job area | R27: Adapts or Checks, corrects problem exiting operation systems or processes | S27: Solves operational issue with limited authority to manage operational resources in assigned areas | T27: Convinces or Explains facts, practices, policies to internal and external parties | U27: Teaches job knowledge to lower level | V27: Has advances knowledge within one job area | W27: =Q27&R27&S27&T27&U27&V27 -> Executes critical assignments independently within the job area Adapts or Checks, corrects problem exiting operation systems or processesSolves operational issue with limited authority to manage operational resources in assigned areasConvinces or Explains facts, practices, policies to internal and external parties Teaches job knowledge to lower levelHas advances knowledge within one job area | X27: - Executes critical assignments independently within the job area - Adapts or Checks, corrects problem exiting operation systems or processes, Solves operational issue with limited authority to manage operational resources in assigned areas, Convinces or Explains facts, practices, policies to internal and external parties, Teaches job knowledge to lower level - Has advances knowledge within one job area | Y27: จัดการกับงานสำคัญที่ได้รับมอบหมายตามขอบเขตงานให้สำเร็จลุล่วงได้โดยลำพัง ; ปรับเปลี่ยน หรือ ตรวจสอบ พร้อมทั้งแก้ไขปัญหาในระบบปฏิบัติการ หรือ กระบวนการทำงานที่มีอยู่ ณ ปัจจุบัน ; แก้ไขปัญหาในการปฏิบัติงานด้วยอำนาจที่มีอยู่อย่างจำกัด เพื่อจัดการทรัพยากรการดำเนินงานในขอบเขตที่ได้รับมอบหมาย ; โน้มน้าวหรืออธิบายข้อเท็จจริง แนวปฏิบัติ นโยบาย ต่อบุคคลที่เกี่ยวข้องทั้งภายในและภายนอก ; สอนความรู้ในงานให้แก่ระดับที่ต่ำกว่า ; มีความรู้ระดับก้าวหน้าในขอบเขตงานหนึ่ง
B28: P6 | C28: P5 | D28: P7-B | E28: E | F28: T | G28: =B28&E28 -> P6E | H28: =C28&E28 -> P5E | I28: =D28&E28 -> P7-BE | J28: 40 | K28: 60 | L28: 40 | M28: 60 | N28: - Executes critical assignments independently within the job area - Adapts or Checks, corrects problem exiting operation systems or processes, Solves operational issue with limited authority to manage operational resources in assigned areas, Convinces or Explains facts, practices, policies to internal and external parties, Teaches job knowledge to lower level - Has advances knowledge within one job area | O28: Supervisor | P28: Individual contributor | Q28: Executes critical assignments independently within the job area | R28: Adapts or Checks, corrects problem exiting operation systems or processes | S28: Solves operational issue with limited authority to manage operational resources in assigned areas | T28: Convinces or Explains facts, practices, policies to internal and external parties | U28: Teaches job knowledge to lower level | V28: Has advances knowledge within one job area | X28: - Executes critical assignments independently within the job area - Adapts or Checks, corrects problem exiting operation systems or processes, Solves operational issue with limited authority to manage operational resources in assigned areas, Convinces or Explains facts, practices, policies to internal and external parties, Teaches job knowledge to lower level - Has advances knowledge within one job area | Y28: จัดการกับงานสำคัญที่ได้รับมอบหมายตามขอบเขตงานให้สำเร็จลุล่วงได้โดยลำพัง ; ปรับเปลี่ยน หรือ ตรวจสอบ พร้อมทั้งแก้ไขปัญหาในระบบปฏิบัติการ หรือ กระบวนการทำงานที่มีอยู่ ณ ปัจจุบัน ; แก้ไขปัญหาในการปฏิบัติงานด้วยอำนาจที่มีอยู่อย่างจำกัด เพื่อจัดการทรัพยากรการดำเนินงานในขอบเขตที่ได้รับมอบหมาย ; โน้มน้าวหรืออธิบายข้อเท็จจริง แนวปฏิบัติ นโยบาย ต่อบุคคลที่เกี่ยวข้องทั้งภายในและภายนอก ; สอนความรู้ในงานให้แก่ระดับที่ต่ำกว่า ; มีความรู้ระดับก้าวหน้าในขอบเขตงานหนึ่ง
B29: E7 | C29: E6 | D29: E8 | E29: E | F29: T | G29: =B29&E29 -> E7E | H29: =C29&E29 -> E6E | I29: =D29&E29 -> E8E | J29: 30 | K29: 60 | L29: 40 | M29: 70 | N29: - Executes assignments with limited supervision within the job area - Checks and corrects problem in exiting operation systems or processes, Solves well-defined operational issues in a assigned area, Explains facts, practices, policies to primary internal partiesGuides job knowledge to lower level - Has practical job knowledge within one job area | O29: Senior Engineer | P29: Individual contributor | Q29: Executes assignments with limited supervision within the job area | R29: Checks and corrects problem in exiting operation, systems or processes | S29: Solves well-defined operational issues in a assigned area | T29: Explains facts, practices, policies to primary internal parties | U29: Guides job knowledge to lower level | V29: Has practical job knowledge within one job area | W29: =Q29&R29&S29&T29&U29&V29 -> Executes assignments with limited supervision within the job area Checks and corrects problem in exiting operation, systems or processes Solves well-defined operational issues in a assigned area Explains facts, practices, policies to primary internal partiesGuides job knowledge to lower level Has practical job knowledge within one job area | X29: - Executes assignments with limited supervision within the job area - Checks and corrects problem in exiting operation, systems or processes, Solves well-defined operational issues in a assigned area, Explains facts, practices, policies to primary internal partiesGuides job knowledge to lower level - Has practical job knowledge within one job area | Y29: จัดการกับงานที่ได้รับมอบหมายตามขอบเขตงานให้สำเร็จลุล่วงภายใต้การกำกับดูแลที่จำกัด ; ตรวจสอบ และ แก้ไขปัญหาในระบบปฏิบัติการ หรือ กระบวนการทำงานที่มีอยู่ ณ ปัจจุบัน ; แก้ไขปัญหาในงานที่มีการระบุไว้แล้วอย่างชัดเจนในขอบเขตที่ได้รับมอบหมาย ; อธิบายเกี่ยวกับข้อเท็จจริง แนวปฏิบัติ นโยบายแก่้ผู้มีส่วนเกี่ยวข้องหลักภายในได้ ; ให้คำชี้แนะเกี่ยวกับความรู้ในงานแก่ระดับที่ต่ำกว่า ; มีความรู้เกี่ยวกับงานในเชิงปฏิบัติในขอบเขตงานหนึ่ง
B30: S7 | C30: S6 | D30: S8 | E30: E | F30: T | G30: =B30&E30 -> S7E | H30: =C30&E30 -> S6E | I30: =D30&E30 -> S8E | J30: 30 | K30: 60 | L30: 40 | M30: 70 | N30: - Executes assignments with limited supervision within the job area - Checks and corrects problem in exiting operation systems or processes, Solves well-defined operational issues in a assigned area, Explains facts, practices, policies to primary internal partiesGuides job knowledge to lower level - Has practical job knowledge within one job area | O30: Senior Staff | P30: Individual contributor | Q30: Executes assignments with limited supervision within the job area | R30: Checks and corrects problem in exiting operation, systems or processes | S30: Solves well-defined operational issues in a assigned area | T30: Explains facts, practices, policies to primary internal parties | U30: Guides job knowledge to lower level | V30: Has practical job knowledge within one job area | W30: =Q30&R30&S30&T30&U30&V30 -> Executes assignments with limited supervision within the job area Checks and corrects problem in exiting operation, systems or processes Solves well-defined operational issues in a assigned area Explains facts, practices, policies to primary internal partiesGuides job knowledge to lower level Has practical job knowledge within one job area | X30: - Executes assignments with limited supervision within the job area - Checks and corrects problem in exiting operation, systems or processes, Solves well-defined operational issues in a assigned area, Explains facts, practices, policies to primary internal partiesGuides job knowledge to lower level - Has practical job knowledge within one job area | Y30: จัดการกับงานที่ได้รับมอบหมายตามขอบเขตงานให้สำเร็จลุล่วงภายใต้การกำกับดูแลที่จำกัด ; ตรวจสอบ และ แก้ไขปัญหาในระบบปฏิบัติการ หรือ กระบวนการทำงานที่มีอยู่ ณ ปัจจุบัน ; แก้ไขปัญหาในงานที่มีการระบุไว้แล้วอย่างชัดเจนในขอบเขตที่ได้รับมอบหมาย ; อธิบายเกี่ยวกับข้อเท็จจริง แนวปฏิบัติ นโยบายแก่้ผู้มีส่วนเกี่ยวข้องหลักภายในได้ ; ให้คำชี้แนะเกี่ยวกับความรู้ในงานแก่ระดับที่ต่ำกว่า ; มีความรู้เกี่ยวกับงานในเชิงปฏิบัติในขอบเขตงานหนึ่ง
B31: G7 | C31: G6 | D31: G8 | E31: E | F31: T | G31: =B31&E31 -> G7E | H31: =C31&E31 -> G6E | I31: =D31&E31 -> G8E | J31: 30 | K31: 60 | L31: 40 | M31: 70 | N31: - Executes assignments with limited supervision within the job area - Checks and corrects problem in exiting operation systems or processes, Solves well-defined operational issues in a assigned area, Explains facts, practices, policies to primary internal partiesGuides job knowledge to lower level - Has practical job knowledge within one job area | O31: Senior Staff | P31: Individual contributor | Q31: Executes assignments with limited supervision within the job area | R31: Checks and corrects problem in exiting operation, systems or processes | S31: Solves well-defined operational issues in a assigned area | T31: Explains facts, practices, policies to primary internal parties | U31: Guides job knowledge to lower level | V31: Has practical job knowledge within one job area | W31: =Q31&R31&S31&T31&U31&V31 -> Executes assignments with limited supervision within the job area Checks and corrects problem in exiting operation, systems or processes Solves well-defined operational issues in a assigned area Explains facts, practices, policies to primary internal partiesGuides job knowledge to lower level Has practical job knowledge within one job area | X31: - Executes assignments with limited supervision within the job area - Checks and corrects problem in exiting operation, systems or processes, Solves well-defined operational issues in a assigned area, Explains facts, practices, policies to primary internal partiesGuides job knowledge to lower level - Has practical job knowledge within one job area | Y31: จัดการกับงานที่ได้รับมอบหมายตามขอบเขตงานให้สำเร็จลุล่วงภายใต้การกำกับดูแลที่จำกัด ; ตรวจสอบ และ แก้ไขปัญหาในระบบปฏิบัติการ หรือ กระบวนการทำงานที่มีอยู่ ณ ปัจจุบัน ; แก้ไขปัญหาในงานที่มีการระบุไว้แล้วอย่างชัดเจนในขอบเขตที่ได้รับมอบหมาย ; อธิบายเกี่ยวกับข้อเท็จจริง แนวปฏิบัติ นโยบายแก่้ผู้มีส่วนเกี่ยวข้องหลักภายในได้ ; ให้คำชี้แนะเกี่ยวกับความรู้ในงานแก่ระดับที่ต่ำกว่า ; มีความรู้เกี่ยวกับงานในเชิงปฏิบัติในขอบเขตงานหนึ่ง
B32: P7-B | C32: P6 | D32: P8-B | E32: E | F32: T | G32: =B32&E32 -> P7-BE | H32: =C32&E32 -> P6E | I32: =D32&E32 -> P8-BE | J32: 30 | K32: 60 | L32: 40 | M32: 70 | N32: - Executes assignments with limited supervision within the job area - Checks and corrects problem in exiting operation systems or processes, Solves well-defined operational issues in a assigned area, Explains facts, practices, policies to primary internal partiesGuides job knowledge to lower level - Has practical job knowledge within one job area | O32: Senior Leader | P32: Individual contributor | Q32: Executes assignments with limited supervision within the job area | R32: Checks and corrects problem in exiting operation, systems or processes | S32: Solves well-defined operational issues in a assigned area | T32: Explains facts, practices, policies to primary internal parties | U32: Guides job knowledge to lower level | V32: Has practical job knowledge within one job area | W32: =Q32&R32&S32&T32&U32&V32 -> Executes assignments with limited supervision within the job area Checks and corrects problem in exiting operation, systems or processes Solves well-defined operational issues in a assigned area Explains facts, practices, policies to primary internal partiesGuides job knowledge to lower level Has practical job knowledge within one job area | X32: - Executes assignments with limited supervision within the job area - Checks and corrects problem in exiting operation, systems or processes, Solves well-defined operational issues in a assigned area, Explains facts, practices, policies to primary internal partiesGuides job knowledge to lower level - Has practical job knowledge within one job area | Y32: จัดการกับงานที่ได้รับมอบหมายตามขอบเขตงานให้สำเร็จลุล่วงภายใต้การกำกับดูแลที่จำกัด ; ตรวจสอบ และ แก้ไขปัญหาในระบบปฏิบัติการ หรือ กระบวนการทำงานที่มีอยู่ ณ ปัจจุบัน ; แก้ไขปัญหาในงานที่มีการระบุไว้แล้วอย่างชัดเจนในขอบเขตที่ได้รับมอบหมาย ; อธิบายเกี่ยวกับข้อเท็จจริง แนวปฏิบัติ นโยบายแก่้ผู้มีส่วนเกี่ยวข้องหลักภายในได้ ; ให้คำชี้แนะเกี่ยวกับความรู้ในงานแก่ระดับที่ต่ำกว่า ; มีความรู้เกี่ยวกับงานในเชิงปฏิบัติในขอบเขตงานหนึ่ง
B33: P7-A | C33: P6 | D33: P8-A | E33: E | F33: T | G33: =B33&E33 -> P7-AE | H33: =C33&E33 -> P6E | I33: =D33&E33 -> P8-AE | J33: 30 | K33: 60 | L33: 40 | M33: 70 | N33: - Executes assignments with limited supervision within the job area - Checks and corrects problem in exiting operation systems or processes, Solves well-defined operational issues in a assigned area, Explains facts, practices, policies to primary internal partiesGuides job knowledge to lower level - Has practical job knowledge within one job area | O33: Senior Leader | P33: Individual contributor | Q33: Executes assignments with limited supervision within the job area | R33: Checks and corrects problem in exiting operation, systems or processes | S33: Solves well-defined operational issues in a assigned area | T33: Explains facts, practices, policies to primary internal parties | U33: Guides job knowledge to lower level | V33: Has practical job knowledge within one job area | W33: =Q33&R33&S33&T33&U33&V33 -> Executes assignments with limited supervision within the job area Checks and corrects problem in exiting operation, systems or processes Solves well-defined operational issues in a assigned area Explains facts, practices, policies to primary internal partiesGuides job knowledge to lower level Has practical job knowledge within one job area | X33: - Executes assignments with limited supervision within the job area - Checks and corrects problem in exiting operation, systems or processes, Solves well-defined operational issues in a assigned area, Explains facts, practices, policies to primary internal partiesGuides job knowledge to lower level - Has practical job knowledge within one job area | Y33: จัดการกับงานที่ได้รับมอบหมายตามขอบเขตงานให้สำเร็จลุล่วงภายใต้การกำกับดูแลที่จำกัด ; ตรวจสอบ และ แก้ไขปัญหาในระบบปฏิบัติการ หรือ กระบวนการทำงานที่มีอยู่ ณ ปัจจุบัน ; แก้ไขปัญหาในงานที่มีการระบุไว้แล้วอย่างชัดเจนในขอบเขตที่ได้รับมอบหมาย ; อธิบายเกี่ยวกับข้อเท็จจริง แนวปฏิบัติ นโยบายแก่้ผู้มีส่วนเกี่ยวข้องหลักภายในได้ ; ให้คำชี้แนะเกี่ยวกับความรู้ในงานแก่ระดับที่ต่ำกว่า ; มีความรู้เกี่ยวกับงานในเชิงปฏิบัติในขอบเขตงานหนึ่ง
B34: E8 | C34: E7 | D34: G9 | E34: E | F34: T | G34: =B34&E34 -> E8E | H34: =C34&E34 -> E7E | I34: =D34&E34 -> G9E | J34: 30 | K34: 60 | L34: 40 | M34: 70 | N34: - Executes basic assignments with general supervision within the job area - Checks exiting operation systems or processes, Solves well-defined operational issues in a assigned area, Explains facts, practices, policies to primary internal partiesGuides job knowledge to lower level - Has broad theoretical job knowledge within one job area | O34: Engineer | P34: Individual contributor | Q34: Executes basic assignments with general supervision within the job area | R34: Checks exiting operation systems or processes | S34: Solves well-defined operational issues in a assigned area | T34: Explains facts, practices, policies to primary internal parties | U34: Guides job knowledge to lower level | V34: Has broad theoretical job knowledge within one job area | W34: =Q34&R34&S34&T34&U34&V34 -> Executes basic assignments with general supervision within the job area Checks exiting operation systems or processes Solves well-defined operational issues in a assigned area Explains facts, practices, policies to primary internal partiesGuides job knowledge to lower level Has broad theoretical job knowledge within one job area | X34: - Executes basic assignments with general supervision within the job area - Checks exiting operation systems or processes, Solves well-defined operational issues in a assigned area, Explains facts, practices, policies to primary internal partiesGuides job knowledge to lower level - Has broad theoretical job knowledge within one job area | Y34: จัดการกับงานระดับพื้นฐานที่ได้รับมอบหมายตามขอบเขตงานให้สำเร็จลุล่วงภายใต้การกำกับดูแลทั่วไป ; ตรวจสอบระบบปฏิบัติการ หรือ กระบวนการทำงานที่มีอยู่ ณ ปัจจุบัน ; แก้ไขปัญหาในงานที่มีการระบุไว้แล้วอย่างชัดเจนในขอบเขตที่ได้รับมอบหมาย ; อธิบายเกี่ยวกับข้อเท็จจริง แนวการปฏิบัติ นโยบายแก่้ผู้มีส่วนเกี่ยวข้องหลักภายในได้ ; ให้คำชี้แนะเกี่ยวกับความรู้ในงานแก่ระดับที่ต่ำกว่า ; มีความรู้เกี่ยวกับงานในเชิงทฤษฎีในขอบเขตงานหนึ่ง
B35: S8 | C35: S7 | D35: G9 | E35: E | F35: T | G35: =B35&E35 -> S8E | H35: =C35&E35 -> S7E | I35: =D35&E35 -> G9E | J35: 30 | K35: 60 | L35: 40 | M35: 70 | N35: - Executes basic assignments with general supervision within the job area - Checks exiting operation systems or processes, Solves well-defined operational issues in a assigned area, Explains facts, practices, policies to primary internal partiesGuides job knowledge to lower level - Has broad theoretical job knowledge within one job area | O35: Staff | P35: Individual contributor | Q35: Executes basic assignments with general supervision within the job area | R35: Checks exiting operation systems or processes | S35: Solves well-defined operational issues in a assigned area | T35: Explains facts, practices, policies to primary internal parties | U35: Guides job knowledge to lower level | V35: Has broad theoretical job knowledge within one job area | W35: =Q35&R35&S35&T35&U35&V35 -> Executes basic assignments with general supervision within the job area Checks exiting operation systems or processes Solves well-defined operational issues in a assigned area Explains facts, practices, policies to primary internal partiesGuides job knowledge to lower level Has broad theoretical job knowledge within one job area | X35: - Executes basic assignments with general supervision within the job area - Checks exiting operation systems or processes, Solves well-defined operational issues in a assigned area, Explains facts, practices, policies to primary internal partiesGuides job knowledge to lower level - Has broad theoretical job knowledge within one job area | Y35: จัดการกับงานระดับพื้นฐานที่ได้รับมอบหมายตามขอบเขตงานให้สำเร็จลุล่วงภายใต้การกำกับดูแลทั่วไป ; ตรวจสอบระบบปฏิบัติการ หรือ กระบวนการทำงานที่มีอยู่ ณ ปัจจุบัน ; แก้ไขปัญหาในงานที่มีการระบุไว้แล้วอย่างชัดเจนในขอบเขตที่ได้รับมอบหมาย ; อธิบายเกี่ยวกับข้อเท็จจริง แนวการปฏิบัติ นโยบายแก่้ผู้มีส่วนเกี่ยวข้องหลักภายในได้ ; ให้คำชี้แนะเกี่ยวกับความรู้ในงานแก่ระดับที่ต่ำกว่า ; มีความรู้เกี่ยวกับงานในเชิงทฤษฎีในขอบเขตงานหนึ่ง
B36: G8 | C36: G7 | D36: G9 | E36: E | F36: T | G36: =B36&E36 -> G8E | H36: =C36&E36 -> G7E | I36: =D36&E36 -> G9E | J36: 30 | K36: 60 | L36: 40 | M36: 70 | N36: - Executes basic assignments with general supervision within the job area - Checks exiting operation systems or processes, Solves well-defined operational issues in a assigned area, Explains facts, practices, policies to primary internal partiesGuides job knowledge to lower level - Has broad theoretical job knowledge within one job area | O36: Staff | P36: Individual contributor | Q36: Executes basic assignments with general supervision within the job area | R36: Checks exiting operation systems or processes | S36: Solves well-defined operational issues in a assigned area | T36: Explains facts, practices, policies to primary internal parties | U36: Guides job knowledge to lower level | V36: Has broad theoretical job knowledge within one job area | W36: =Q36&R36&S36&T36&U36&V36 -> Executes basic assignments with general supervision within the job area Checks exiting operation systems or processes Solves well-defined operational issues in a assigned area Explains facts, practices, policies to primary internal partiesGuides job knowledge to lower level Has broad theoretical job knowledge within one job area | X36: - Executes basic assignments with general supervision within the job area - Checks exiting operation systems or processes, Solves well-defined operational issues in a assigned area, Explains facts, practices, policies to primary internal partiesGuides job knowledge to lower level - Has broad theoretical job knowledge within one job area | Y36: จัดการกับงานระดับพื้นฐานที่ได้รับมอบหมายตามขอบเขตงานให้สำเร็จลุล่วงภายใต้การกำกับดูแลทั่วไป ; ตรวจสอบระบบปฏิบัติการ หรือ กระบวนการทำงานที่มีอยู่ ณ ปัจจุบัน ; แก้ไขปัญหาในงานที่มีการระบุไว้แล้วอย่างชัดเจนในขอบเขตที่ได้รับมอบหมาย ; อธิบายเกี่ยวกับข้อเท็จจริง แนวการปฏิบัติ นโยบายแก่้ผู้มีส่วนเกี่ยวข้องหลักภายในได้ ; ให้คำชี้แนะเกี่ยวกับความรู้ในงานแก่ระดับที่ต่ำกว่า ; มีความรู้เกี่ยวกับงานในเชิงทฤษฎีในขอบเขตงานหนึ่ง
B37: P8-B | C37: P7-B | D37: P9-B | E37: E | F37: T | G37: =B37&E37 -> P8-BE | H37: =C37&E37 -> P7-BE | I37: =D37&E37 -> P9-BE | J37: 30 | K37: 60 | L37: 40 | M37: 70 | N37: - Executes basic assignments with general supervision within the job area - Checks exiting operation systems or processes, Solves well-defined operational issues in a assigned area, Explains facts, practices, policies to primary internal partiesGuides job knowledge to lower level - Has broad theoretical job knowledge within one job area | O37: Leader | P37: Individual contributor | Q37: Executes basic assignments with general supervision within the job area | R37: Checks exiting operation systems or processes | S37: Solves well-defined operational issues in a assigned area | T37: Explains facts, practices, policies to primary internal parties | U37: Guides job knowledge to lower level | V37: Has broad theoretical job knowledge within one job area | W37: =Q37&R37&S37&T37&U37&V37 -> Executes basic assignments with general supervision within the job area Checks exiting operation systems or processes Solves well-defined operational issues in a assigned area Explains facts, practices, policies to primary internal partiesGuides job knowledge to lower level Has broad theoretical job knowledge within one job area | X37: - Executes basic assignments with general supervision within the job area - Checks exiting operation systems or processes, Solves well-defined operational issues in a assigned area, Explains facts, practices, policies to primary internal partiesGuides job knowledge to lower level - Has broad theoretical job knowledge within one job area | Y37: จัดการกับงานระดับพื้นฐานที่ได้รับมอบหมายตามขอบเขตงานให้สำเร็จลุล่วงภายใต้การกำกับดูแลทั่วไป ; ตรวจสอบระบบปฏิบัติการ หรือ กระบวนการทำงานที่มีอยู่ ณ ปัจจุบัน ; แก้ไขปัญหาในงานที่มีการระบุไว้แล้วอย่างชัดเจนในขอบเขตที่ได้รับมอบหมาย ; อธิบายเกี่ยวกับข้อเท็จจริง แนวการปฏิบัติ นโยบายแก่้ผู้มีส่วนเกี่ยวข้องหลักภายในได้ ; ให้คำชี้แนะเกี่ยวกับความรู้ในงานแก่ระดับที่ต่ำกว่า ; มีความรู้เกี่ยวกับงานในเชิงทฤษฎีในขอบเขตงานหนึ่ง
B38: P8-A | C38: P7-A | D38: P9-A | E38: E | F38: T | G38: =B38&E38 -> P8-AE | H38: =C38&E38 -> P7-AE | I38: =D38&E38 -> P9-AE | J38: 30 | K38: 60 | L38: 40 | M38: 70 | N38: - Executes basic assignments with general supervision within the job area - Checks exiting operation systems or processes, Solves well-defined operational issues in a assigned area, Explains facts, practices, policies to primary internal partiesGuides job knowledge to lower level - Has broad theoretical job knowledge within one job area | O38: Leader | P38: Individual contributor | Q38: Executes basic assignments with general supervision within the job area | R38: Checks exiting operation systems or processes | S38: Solves well-defined operational issues in a assigned area | T38: Explains facts, practices, policies to primary internal parties | U38: Guides job knowledge to lower level | V38: Has broad theoretical job knowledge within one job area | W38: =Q38&R38&S38&T38&U38&V38 -> Executes basic assignments with general supervision within the job area Checks exiting operation systems or processes Solves well-defined operational issues in a assigned area Explains facts, practices, policies to primary internal partiesGuides job knowledge to lower level Has broad theoretical job knowledge within one job area | X38: - Executes basic assignments with general supervision within the job area - Checks exiting operation systems or processes, Solves well-defined operational issues in a assigned area, Explains facts, practices, policies to primary internal partiesGuides job knowledge to lower level - Has broad theoretical job knowledge within one job area | Y38: จัดการกับงานระดับพื้นฐานที่ได้รับมอบหมายตามขอบเขตงานให้สำเร็จลุล่วงภายใต้การกำกับดูแลทั่วไป ; ตรวจสอบระบบปฏิบัติการ หรือ กระบวนการทำงานที่มีอยู่ ณ ปัจจุบัน ; แก้ไขปัญหาในงานที่มีการระบุไว้แล้วอย่างชัดเจนในขอบเขตที่ได้รับมอบหมาย ; อธิบายเกี่ยวกับข้อเท็จจริง แนวการปฏิบัติ นโยบายแก่้ผู้มีส่วนเกี่ยวข้องหลักภายในได้ ; ให้คำชี้แนะเกี่ยวกับความรู้ในงานแก่ระดับที่ต่ำกว่า ; มีความรู้เกี่ยวกับงานในเชิงทฤษฎีในขอบเขตงานหนึ่ง
B39: G9 | C39: G8 | D39: G10 | E39: E | F39: T | G39: =B39&E39 -> G9E | H39: =C39&E39 -> G8E | I39: =D39&E39 -> G10E | J39: 20 | K39: 60 | L39: 40 | M39: 80 | N39: - Executes routine operation with moderate supervision - Follows and check existing operational procedure, Reports to superiors if there is any near miss or mistake in own operational area, Provides basic information and explains their opinion to primary internal parties, Shares work related knowledge with others - Has basic job knowledge and operational experience within one job area | O39: Senior Clerk | P39: Individual contributor | Q39: Executes routine operation with moderate supervision | R39: Follows and check existing operational procedure | S39: Reports to superiors if there is any near miss or mistake in own operational area | T39: Provides basic information and explains their opinion to primary internal parties | U39: Shares work related knowledge with others | V39: Has basic job knowledge and operational experience within one job area | W39: =Q39&R39&S39&T39&U39&V39 -> Executes routine operation with moderate supervisionFollows and check existing operational procedureReports to superiors if there is any near miss or mistake in own operational areaProvides basic information and explains their opinion to primary internal parties Shares work related knowledge with othersHas basic job knowledge and operational experience within one job area | X39: - Executes routine operation with moderate supervision - Follows and check existing operational procedure, Reports to superiors if there is any near miss or mistake in own operational area, Provides basic information and explains their opinion to primary internal parties, Shares work related knowledge with others - Has basic job knowledge and operational experience within one job area | Y39: จัดการงานประจำให้สำเร็จลุล่วงภายใต้การกำกับดูแลในระดับปานกลาง ; ปฏิบัติงาน และ ทำการตรวจสอบเพื่อให้เป็นไปตามมาตรฐานการปฏิบัติงานที่มีอยู่ ณ ปัจจุบัน ; หากพบความผิดพลาด หรือเหตุการณ์ที่เกือบทำให้เกิดความผิดพลาดในขอบเขตการทำงานที่รับผิดชอบให้รายงานหัวหน้างานทันที ; ให้ข้อมูลพื้นฐานที่เกี่ยวกับงานที่ตนเองรับผิดชอบ รวมถึงอธิบายข้อเสนอแนะของตนเองแก่ผู้มีส่วนเกี่ยวข้องหลักภายในได้ ; แบ่งปันความรู้ในงานที่ทำกับผู้อื่น ; มีความรู้ และ ประสบการณ์ระดับพื้นฐานในขอบเขตงานหนึ่ง
B40: P9-B | C40: P8-B | D40: P10-B | E40: E | F40: T | G40: =B40&E40 -> P9-BE | H40: =C40&E40 -> P8-BE | I40: =D40&E40 -> P10-BE | J40: 20 | K40: 60 | L40: 40 | M40: 80 | N40: - Executes routine operation with moderate supervision - Follows and check existing operational procedure, Reports to superiors if there is any near miss or mistake in own operational area, Provides basic information and explains their opinion to primary internal parties, Shares work related knowledge with others - Has basic job knowledge and operational experience within one job area | O40: Senior Operator | P40: Individual contributor | Q40: Executes routine operation with moderate supervision | R40: Follows and check existing operational procedure | S40: Reports to superiors if there is any near miss or mistake in own operational area | T40: Provides basic information and explains their opinion to primary internal parties | U40: Shares work related knowledge with others | V40: Has basic job knowledge and operational experience within one job area | W40: =Q40&R40&S40&T40&U40&V40 -> Executes routine operation with moderate supervisionFollows and check existing operational procedureReports to superiors if there is any near miss or mistake in own operational areaProvides basic information and explains their opinion to primary internal parties Shares work related knowledge with othersHas basic job knowledge and operational experience within one job area | X40: - Executes routine operation with moderate supervision - Follows and check existing operational procedure, Reports to superiors if there is any near miss or mistake in own operational area, Provides basic information and explains their opinion to primary internal parties, Shares work related knowledge with others - Has basic job knowledge and operational experience within one job area | Y40: จัดการงานประจำให้สำเร็จลุล่วงภายใต้การกำกับดูแลในระดับปานกลาง ; ปฏิบัติงาน และ ทำการตรวจสอบเพื่อให้เป็นไปตามมาตรฐานการปฏิบัติงานที่มีอยู่ ณ ปัจจุบัน ; หากพบความผิดพลาด หรือเหตุการณ์ที่เกือบทำให้เกิดความผิดพลาดในขอบเขตการทำงานที่รับผิดชอบให้รายงานหัวหน้างานทันที ; ให้ข้อมูลพื้นฐานที่เกี่ยวกับงานที่ตนเองรับผิดชอบ รวมถึงอธิบายข้อเสนอแนะของตนเองแก่ผู้มีส่วนเกี่ยวข้องหลักภายในได้ ; แบ่งปันความรู้ในงานที่ทำกับผู้อื่น ; มีความรู้ และ ประสบการณ์ระดับพื้นฐานในขอบเขตงานหนึ่ง
... B44: P10-A | C44: P9-A | D44: P11 | E44: E | F44: T | G44: =B44&E44 -> P10-AE | H44: =C44&E44 -> P9-AE | I44: =D44&E44 -> P11E | J44: 0 | K44: 60 | L44: 40 | M44: 100 | N44: - Executes routine operation under standard procedure with close supervision - Follows existing operational procedure, Reports to superiors if there is any near miss or mistake in own operational area, Provides basic information to primary internal parties, Shares work related knowledge with others - Has limited knowledge or experience | O44: Operator | P44: Individual contributor | Q44: Executes routine operation under standard procedure with close supervision | R44: Follows existing operational procedure | S44: Reports to superiors if there is any near miss or mistake in own operational area | T44: Provides basic information to primary internal parties | U44: Shares work related knowledge with others | V44: Has limited knowledge or experience | W44: =Q44&R44&S44&T44&U44&V44 -> Executes routine operation under standard procedure with close supervision Follows existing operational procedureReports to superiors if there is any near miss or mistake in own operational areaProvides basic information to primary internal parties Shares work related knowledge with othersHas limited knowledge or experience | X44: - Executes routine operation under standard procedure with close supervision - Follows existing operational procedure, Reports to superiors if there is any near miss or mistake in own operational area, Provides basic information to primary internal parties, Shares work related knowledge with others - Has limited knowledge or experience | Y44: จัดการงานประจำให้สำเร็จลุล่วงตามมาตรฐานการทำงานที่กำหนดไว้ภายใต้การกำกับดูแลอย่างใกล้ชิด ; ทำงานตามมาตรฐานการปฏิบัติงานที่มีอยู่ ณ ปัจจุบัน ; หากพบความผิดพลาด หรือเหตุการณ์ที่เกือบทำให้เกิดความผิดพลาดในหน้างานที่รับผิดชอบให้รายงานหัวหน้างานทันที ; ให้ข้อมูลพื้นฐานที่เกี่ยวกับงานที่ตนเองรับผิดชอบแก่ผู้มีส่วนเกี่ยวข้องหลักภายในได้ ; แบ่งปันความรู้ในงานที่ทำกับผู้อื่น ; มีความรู้ หรือ ประสบการณ์ที่ค่อนข้างจำกัด
B45: G11 | C45: G10 | D45: - | E45: E | F45: T | G45: =B45&E45 -> G11E | H45: =C45&E45 -> G10E | I45: - | J45: 0 | K45: 60 | L45: 40 | M45: 100 | N45: - | O45: - | P45: - | Q45: - | R45: - | S45: - | T45: - | U45: - | V45: - | W45: - | X45: -
B46: P11 | C46: P10-A | D46: - | E46: E | F46: T | G46: =B46&E46 -> P11E | H46: =C46&E46 -> P10-AE | I46: - | J46: 0 | K46: 60 | L46: 40 | M46: 100 | N46: - Executes daily routine operation under standard procedure with close supervision - Follows existing operational procedure, Reports to superiors if there is any near miss or mistake in own operational area, Provides basic information to primary internal parties, Shares work related knowledge with others - Has limited knowledge or experience | O46: Daily wage operator | P46: Individual contributor | Q46: Executes daily routine operation under standard procedure with close supervision | R46: Follows existing operational procedure | S46: Reports to superiors if there is any near miss or mistake in own operational area | T46: Provides basic information to primary internal parties | U46: Shares work related knowledge with others | V46: Has limited knowledge or experience | W46: =Q46&R46&S46&T46&U46&V46 -> Executes daily routine operation under standard procedure with close supervision Follows existing operational procedureReports to superiors if there is any near miss or mistake in own operational areaProvides basic information to primary internal parties Shares work related knowledge with othersHas limited knowledge or experience | X46: - Executes daily routine operation under standard procedure with close supervision - Follows existing operational procedure, Reports to superiors if there is any near miss or mistake in own operational area, Provides basic information to primary internal parties, Shares work related knowledge with others - Has limited knowledge or experience | Y46: จัดการหน้างานประจำวันให้สำเร็จลุล่วงตามมาตรฐานการทำงานที่กำหนดไว้ภายใต้การกำกับดูแลจากหัวหน้างานอย่างใกล้ชิด ; ทำงานตามมาตรฐานการปฏิบัติงานที่มีอยู่ ณ ปัจจุบัน ; หากพบความผิดพลาด หรือเหตุการณ์ที่เกือบทำให้เกิดความผิดพลาดในหน้างานที่รับผิดชอบให้รายงานหัวหน้างานทันที ; ให้ข้อมูลพื้นฐานที่เกี่ยวกับงานที่ตนเองรับผิดชอบแก่ผู้มีส่วนเกี่ยวข้องหลักภายในได้ ; แบ่งปันความรู้ในงานที่ทำกับผู้อื่น ; มีความรู้ หรือ ประสบการณ์ที่ค่อนข้างจำกัด
B47: M1 | C47: - | D47: M2 | E47: E | F47: T | G47: =B47&F47 -> M1T | H47: - | I47: =D47&F47 -> M2T | N47: ร่วมกำหนดแผนกลยุทธ์ระยะกลางถึงระยะยาว (3-5 ปี) และบริหารจัดการความสำเร็จของทุกๆ ฝ่ายงาน เพื่อให้บรรลุเป้าหมายของบริษัทฯ ; ดำเนินการปรับปรุง หรือ เปลี่ยนแปลงอย่างมีนัยสำคัญใน กระบวนการ / ระบบ / ผลิตภัณฑ์ ณ ปัจจุบัน ที่จะส่งผลกระทบต่อฝ่ายงานต่างๆ ; จัดการปัญหาในหลายมิติด้วยอำนาจตามบทบาทและหน้าที่ เพื่อบริหารจัดการทรัพยากรในการดำเนินงาน ทรัพยากรบุคคล และการเงินของทุกฝ่ายงาน ; โน้มน้าวบุคคลทั้งภายในและภายนอกที่เห็นต่างให้เต็มใจยอมรับนโยบายของบริษัทฯ ; พัฒนา M2 (Division Managers) ให้สามารถคิด และลงมือทำได้ด้วยตนเอง พร้อมกับสร้างผู้สืบทอดตำแหน่งไปพร้อมๆ กัน ; มีความรู้ด้านการบริหารจัดการในเชิงกว้างและมากพอ ครอบคลุมทุกฝ่ายงาน และมีทักษะในการกำกับดูแลกลุ่มผู้จัดการทั้งหมด
B48: M2 | C48: M1 | D48: M3 | E48: E | F48: T | G48: =B48&F48 -> M2T | H48: =C48&F48 -> M1T | I48: =D48&F48 -> M3T | N48: จัดทำแผนกลยุทธ์ระยะสั้นถึงระยะกลาง (1-3ปี) และบริหารจัดการการบรรลุผลสำเร็จตามเป้าหมายของฝ่ายงานที่รับผิดชอบ ; ปรับปรุง เปลี่ยนแปลงอย่างมีนัยสำคัญใน กระบวนการ / ระบบ / ผลิตภัณฑ์ ทีมีอยู่ณ ปัจจุบัน ที่จะส่งผลกระทบต่อฝ่ายงานที่รับผิดชอบ ; จัดการปัญหาทางธุรกิจที่ซับซ้อนมากขึ้นด้วยอำนาจตามบทบาทและหน้าที่ เพื่อบริหารทรัพยากรในการดำเนินงาน รวมถึงบุคลากร และการเงินของฝ่ายงานที่รับผิดชอบซึ่งมีอยู่จำกัด ; โน้มน้าวบุคคลทั้งภายในและภายนอกที่เห็นต่างให้เต็มใจยอมรับนโยบายของฝ่าย ; พัฒนา M3 หรือ Senior Manager ให้สามารถคิด และลงมือทำได้ด้วยตนเอง พร้อมกับสร้างผู้สืบทอดตำแหน่งไปพร้อมๆ กัน ; มีความรู้ในเชิงกว้างครอบคลุมทุกส่วนในฝ่ายงานที่รับผิดชอบ และมีทักษะในการกำกับดูแลกลุ่มผู้จัดการ
B49: E2 | C49: M1 | D49: E3 | E49: E | F49: T | G49: =B49&F49 -> E2T | H49: =C49&F49 -> M1T | I49: =D49&F49 -> E3T | N49: บริหารโครงการริเริ่มขนาดใหญ่ ที่จะสร้างคุณค่า หรือเป็นประโยชน์อย่างมีนัยสำคัญต่อการดำเนินงานของบริษัทฯ ในภาพรวม เพื่อให้บรรลุผลสำเร็จตามเป้าหมายสำคัญที่โครงการกำหนดไว้ ; เพิ่มระดับความสำเร็จของกระบวนการ / ระบบ / ผลิตภัณฑ์ที่มีอยู่ เพื่อยกระดับผลการดำเนินงานขององค์กรให้ดีขึ้น ; จัดการปัญหาทางธุรกิจ ด้วยอำนาจเท่าที่ได้รับมอบหมาย เพื่อบริหารทรัพยากรในการดำเนินงาน, รวมถึงทรัพยากรบุคคลากร หรือการเงินของโครงการที่ริเริ่มนั้นๆ ซึ่งมีอยู่จำกัด ; โน้มน้าวบุคคลภายในและภายนอกที่มีความเห็นต่างให้เกิดการยอมรับในนโยบายของโครงการที่ริเริ่มนั้นๆ ; แบ่งปันความรู้ และพัฒนาผู้อื่นให้สามารถคิดและดำเนินการได้ด้วยตนเอง ; มีความรู้ที่ได้รับการพัฒนามาเป็นอย่างดีและเป็นความรู้ระดับก้าวหน้าเพื่อบริหารจัดการโครงการที่ได้รับมอบหมาย และมีทักษะในการจัดการสมาชิกในทีม
B50: S2 | C50: M1 | D50: S3 | E50: E | F50: T | G50: =B50&F50 -> S2T | H50: =C50&F50 -> M1T | I50: =D50&F50 -> S3T | N50: บริหารโครงการริเริ่มขนาดใหญ่ ที่จะสร้างคุณค่า หรือเป็นประโยชน์อย่างมีนัยสำคัญต่อการดำเนินงานของบริษัทฯ ในภาพรวม เพื่อให้บรรลุผลสำเร็จตามเป้าหมายสำคัญที่โครงการกำหนดไว้ ; เพิ่มระดับความสำเร็จของกระบวนการ / ระบบ / ผลิตภัณฑ์ที่มีอยู่ เพื่อยกระดับผลการดำเนินงานขององค์กรให้ดีขึ้น ; จัดการปัญหาทางธุรกิจ ด้วยอำนาจเท่าที่ได้รับมอบหมาย เพื่อบริหารทรัพยากรในการดำเนินงาน, รวมถึงทรัพยากรบุคคลากร หรือการเงินของโครงการที่ริเริ่มนั้นๆ ซึ่งมีอยู่จำกัด ; โน้มน้าวบุคคลภายในและภายนอกที่มีความเห็นต่างให้เกิดการยอมรับในนโยบายของโครงการที่ริเริ่มนั้นๆ ; แบ่งปันความรู้ และพัฒนาผู้อื่นให้สามารถคิดและดำเนินการได้ด้วยตนเอง ; มีความรู้ที่ได้รับการพัฒนามาเป็นอย่างดีและเป็นความรู้ระดับก้าวหน้าเพื่อบริหารจัดการโครงการที่ได้รับมอบหมาย และมีทักษะในการจัดการสมาชิกในทีม
B51: G2 | C51: M1 | D51: G3 | E51: E | F51: T | G51: =B51&F51 -> G2T | H51: =C51&F51 -> M1T | I51: =D51&F51 -> G3T | N51: บริหารโครงการริเริ่มขนาดใหญ่ ที่จะสร้างคุณค่า หรือเป็นประโยชน์อย่างมีนัยสำคัญต่อการดำเนินงานของบริษัทฯ ในภาพรวม เพื่อให้บรรลุผลสำเร็จตามเป้าหมายสำคัญที่โครงการกำหนดไว้ ; เพิ่มระดับความสำเร็จของกระบวนการ / ระบบ / ผลิตภัณฑ์ที่มีอยู่ เพื่อยกระดับผลการดำเนินงานขององค์กรให้ดีขึ้น ; จัดการปัญหาทางธุรกิจ ด้วยอำนาจเท่าที่ได้รับมอบหมาย เพื่อบริหารทรัพยากรในการดำเนินงาน, รวมถึงทรัพยากรบุคคลากร หรือการเงินของโครงการที่ริเริ่มนั้นๆ ซึ่งมีอยู่จำกัด ; โน้มน้าวบุคคลภายในและภายนอกที่มีความเห็นต่างให้เกิดการยอมรับในนโยบายของโครงการที่ริเริ่มนั้นๆ ; แบ่งปันความรู้ และพัฒนาผู้อื่นให้สามารถคิดและดำเนินการได้ด้วยตนเอง ; มีความรู้ที่ได้รับการพัฒนามาเป็นอย่างดีและเป็นความรู้ระดับก้าวหน้าเพื่อบริหารจัดการโครงการที่ได้รับมอบหมาย และมีทักษะในการจัดการสมาชิกในทีม
B52: M3 | C52: M2 | D52: M4 | E52: E | F52: T | G52: =B52&F52 -> M3T | H52: =C52&F52 -> M2T | I52: =D52&F52 -> M4T | N52: จัดทำแผนระยะสั้น 1 ปี และบริหารจัดการความสำเร็จของหลายแผนก / โรงงานที่กำกับดูแล ; ปรับปรุง ปรับเปลี่ยน กระบวนการ / ระบบ / ผลิตภัณฑ์ ที่มีอยู่ ณ ปัจจุบันอย่างมีนัยสำคัญ เพื่อยกระดับผลการดำเนินงานของหลายแผนก / โรงงานที่กำกับดูแล ; จัดการปัญหาทางธุรกิจที่ซับซ้อน ด้วยอำนาจตามบทบาทและหน้าที่ เพื่อบริหารทรัพยากรในการดำเนินงาน รวมถึงทรัพยากรบุคคล และการเงินซึ่งมีอยู่จำกัดของหลายแผนก / โรงงานที่กำกับดูแล ; โน้มน้าวบุคคลทั้งภายในและภายนอกที่ไม่เต็มใจยอมรับนโยบายของหลายแผนก / โรงงานที่กำกับดูแล ให้หันมาร่วมมือและให้การสนับสนุน ; พัฒนา M4 หรือ Managers ให้สามารถคิด และลงมือทำได้ด้วยตนเอง พร้อมกับสร้างผู้สืบทอดตำแหน่งไปพร้อมๆ กัน ; มีความรู้ทั้งในเชิงกว้างและเชิงลึก ครอบคลุมทุกแผนก หรือ โรงงานที่รับผิดชอบ และมีทักษะในการกำกับดูแล กลุ่มผู้จัดการ
B53: E3 | C53: E2 | D53: E4 | E53: E | F53: T | G53: =B53&F53 -> E3T | H53: =C53&F53 -> E2T | I53: =D53&F53 -> E4T | N53: บริหารโครงการริเริ่มขนาดใหญ่ ที่จะสร้างคุณค่า หรือเป็นประโยชน์อย่างมีนัยสำคัญต่อฝ่ายงานหนึ่ง เพื่อให้บรรลุผลสำเร็จตามเป้าหมายที่โครงการกำหนดไว้ ; เพิ่มระดับความสำเร็จให้กับกระบวนการ / ระบบ / ผลิตภัณฑ์ที่มีอยู่ เพื่อยกระดับผลการดำเนินงานของฝ่ายให้ดีขึ้น ; จัดการปัญหาทางธุรกิจ ด้วยอำนาจเท่าที่ได้รับมอบหมาย เพื่อบริหารทรัพยากรในการดำเนินงาน, รวมถึงทรัพยากรบุคคลากร หรือการเงินของโครงการที่ริเริ่มนั้นๆ ซึ่งมีอยู่จำกัด ; โน้มน้าวบุคคลภายในและภายนอกที่ไม่เต็มใจยอมรับนโยบายของโครงการให้เกิดการยอมรับและให้ความร่วมมือ ; แบ่งปันความรู้ และพัฒนาผู้อื่นให้สามารถคิดและดำเนินการได้ด้วยตนเอง ; มีความรู้ที่ได้รับการพัฒนามาเป็นอย่างดี และมีความรู้กว้าง เพื่อใช้บริหารจัดการโครงการที่ได้รับมอบหมาย และมีทักษะในการจัดการสมาชิกในทีม
B54: S3 | C54: S2 | D54: S4 | E54: E | F54: T | G54: =B54&F54 -> S3T | H54: =C54&F54 -> S2T | I54: =D54&F54 -> S4T | N54: บริหารโครงการริเริ่มขนาดใหญ่ ที่จะสร้างคุณค่า หรือเป็นประโยชน์อย่างมีนัยสำคัญต่อฝ่ายงานหนึ่ง เพื่อให้บรรลุผลสำเร็จตามเป้าหมายที่โครงการกำหนดไว้ ; เพิ่มระดับความสำเร็จให้กับกระบวนการ / ระบบ / ผลิตภัณฑ์ที่มีอยู่ เพื่อยกระดับผลการดำเนินงานของฝ่ายให้ดีขึ้น ; จัดการปัญหาทางธุรกิจ ด้วยอำนาจเท่าที่ได้รับมอบหมาย เพื่อบริหารทรัพยากรในการดำเนินงาน, รวมถึงทรัพยากรบุคคลากร หรือการเงินของโครงการที่ริเริ่มนั้นๆ ซึ่งมีอยู่จำกัด ; โน้มน้าวบุคคลภายในและภายนอกที่ไม่เต็มใจยอมรับนโยบายของโครงการให้เกิดการยอมรับและให้ความร่วมมือ ; แบ่งปันความรู้ และพัฒนาผู้อื่นให้สามารถคิดและดำเนินการได้ด้วยตนเอง ; มีความรู้ที่ได้รับการพัฒนามาเป็นอย่างดี และมีความรู้กว้าง เพื่อใช้บริหารจัดการโครงการที่ได้รับมอบหมาย และมีทักษะในการจัดการสมาชิกในทีม
B55: G3 | C55: G2 | D55: G4 | E55: E | F55: T | G55: =B55&F55 -> G3T | H55: =C55&F55 -> G2T | I55: =D55&F55 -> G4T | N55: บริหารโครงการริเริ่มขนาดใหญ่ ที่จะสร้างคุณค่า หรือเป็นประโยชน์อย่างมีนัยสำคัญต่อฝ่ายงานหนึ่ง เพื่อให้บรรลุผลสำเร็จตามเป้าหมายที่โครงการกำหนดไว้ ; เพิ่มระดับความสำเร็จให้กับกระบวนการ / ระบบ / ผลิตภัณฑ์ที่มีอยู่ เพื่อยกระดับผลการดำเนินงานของฝ่ายให้ดีขึ้น ; จัดการปัญหาทางธุรกิจ ด้วยอำนาจเท่าที่ได้รับมอบหมาย เพื่อบริหารทรัพยากรในการดำเนินงาน, รวมถึงทรัพยากรบุคคลากร หรือการเงินของโครงการที่ริเริ่มนั้นๆ ซึ่งมีอยู่จำกัด ; โน้มน้าวบุคคลภายในและภายนอกที่ไม่เต็มใจยอมรับนโยบายของโครงการให้เกิดการยอมรับและให้ความร่วมมือ ; แบ่งปันความรู้ และพัฒนาผู้อื่นให้สามารถคิดและดำเนินการได้ด้วยตนเอง ; มีความรู้ที่ได้รับการพัฒนามาเป็นอย่างดี และมีความรู้กว้าง เพื่อใช้บริหารจัดการโครงการที่ได้รับมอบหมาย และมีทักษะในการจัดการสมาชิกในทีม
B56: M4 | C56: M3 | D56: M5 | E56: E | F56: T | G56: =B56&F56 -> M4T | H56: =C56&F56 -> M3T | I56: =D56&F56 -> M5T | N56: จัดทำแผนการปฎิบัติงาน (1ปี) และบริหารจัดการแผนกที่รับผิดชอบเพื่อให้บรรลุเป้าหมายที่กำหนดไว้ ; เพิ่มระดับความสำเร็จให้กับกระบวนการ / ระบบ / ผลิตภัณฑ์ ที่มีอยู่ เพื่อยกระดับผลการดำเนินงานของแผนกให้ดีขึ้น ; จัดการปัญหาทางธุรกิจ ด้วยอำนาจตามบทบาทและหน้าที่ เพื่อบริหารจัดการทรัพยากรในการดำเนินงาน รวมถึงทรัพยากรบุคคล และการเงินซึ่งมีอยู่จำกัดในแผนกที่รับผิดชอบ ; โน้มน้าวบุคคลภายในและภายนอกที่ไม่เต็มใจยอมรับนโยบายของแผนกให้เกิดการยอมรับและให้ความร่วมมือ ; พัฒนา Section Manager และ Assistant Manager รวมถึงสร้างผู้สืบทอดตำแหน่ง ; มีความรู้ทั้งในเชิงกว้างและเชิงลึก ครอบคลุมแผนกที่รับผิดชอบ และมีทักษะในการกำกับดูแลกลุ่มผู้จัดการ
B57: E4 | C57: E3 | D57: E5 | E57: E | F57: T | G57: =B57&F57 -> E4T | H57: =C57&F57 -> E3T | I57: =D57&F57 -> E5T | N57: บริหารโครงการริเริ่ม ที่จะสร้างคุณค่า หรือเป็นประโยชน์อย่างมีนัยสำคัญต่อหลายแผนก / โรงงานแห่งหนึ่งแห่งใด เพื่อให้บรรลุผลสำเร็จตามเป้าหมายที่โครงการกำหนดไว้ ; เพิ่มระดับความสำเร็จให้กับกระบวนการ / ระบบ / ผลิตภัณฑ์ที่มีอยู่ เพื่อยกระดับผลการดำเนินงานหลายแผนก / โรงงานแห่งหนึ่งแห่งใด ให้ดีขึ้น ; จัดการปัญหาทางธุรกิจ ด้วยอำนาจตามที่ได้รับมอบหมาย เพื่อบริหารทรัพยากรในการดำเนินงาน, รวมถึงทรัพยากรบุคคลากร หรือการเงินของโครงการที่ริเริ่มนั้นๆ ซึ่งมีอยู่จำกัด ; โน้มน้าวบุคคลภายในและภายนอกที่ไม่เต็มใจยอมรับนโยบายของโครงการให้เกิดการยอมรับและให้ความร่วมมือ ; แบ่งปันความรู้ และพัฒนาผู้อื่นให้สามารถคิดและดำเนินการได้ด้วยตนเอง ; มีความรู้ที่ได้รับการพัฒนามาเป็นอย่างดี เพื่อใช้บริหารจัดการโครงการที่ได้รับมอบหมาย และมีทักษะในการจัดการสมาชิกในทีม
B58: S4 | C58: S3 | D58: S5 | E58: E | F58: T | G58: =B58&F58 -> S4T | H58: =C58&F58 -> S3T | I58: =D58&F58 -> S5T | N58: บริหารโครงการริเริ่ม ที่จะสร้างคุณค่า หรือเป็นประโยชน์อย่างมีนัยสำคัญต่อหลายแผนก / โรงงานแห่งหนึ่งแห่งใด เพื่อให้บรรลุผลสำเร็จตามเป้าหมายที่โครงการกำหนดไว้ ; เพิ่มระดับความสำเร็จให้กับกระบวนการ / ระบบ / ผลิตภัณฑ์ที่มีอยู่ เพื่อยกระดับผลการดำเนินงานหลายแผนก / โรงงานแห่งหนึ่งแห่งใด ให้ดีขึ้น ; จัดการปัญหาทางธุรกิจ ด้วยอำนาจตามที่ได้รับมอบหมาย เพื่อบริหารทรัพยากรในการดำเนินงาน, รวมถึงทรัพยากรบุคคลากร หรือการเงินของโครงการที่ริเริ่มนั้นๆ ซึ่งมีอยู่จำกัด ; โน้มน้าวบุคคลภายในและภายนอกที่ไม่เต็มใจยอมรับนโยบายของโครงการให้เกิดการยอมรับและให้ความร่วมมือ ; แบ่งปันความรู้ และพัฒนาผู้อื่นให้สามารถคิดและดำเนินการได้ด้วยตนเอง ; มีความรู้ที่ได้รับการพัฒนามาเป็นอย่างดี เพื่อใช้บริหารจัดการโครงการที่ได้รับมอบหมาย และมีทักษะในการจัดการสมาชิกในทีม
B59: G4 | C59: G3 | D59: G5 | E59: E | F59: T | G59: =B59&F59 -> G4T | H59: =C59&F59 -> G3T | I59: =D59&F59 -> G5T | N59: บริหารโครงการริเริ่ม ที่จะสร้างคุณค่า หรือเป็นประโยชน์อย่างมีนัยสำคัญต่อหลายแผนก / โรงงานแห่งหนึ่งแห่งใด เพื่อให้บรรลุผลสำเร็จตามเป้าหมายที่โครงการกำหนดไว้ ; เพิ่มระดับความสำเร็จให้กับกระบวนการ / ระบบ / ผลิตภัณฑ์ที่มีอยู่ เพื่อยกระดับผลการดำเนินงานหลายแผนก / โรงงานแห่งหนึ่งแห่งใด ให้ดีขึ้น ; จัดการปัญหาทางธุรกิจ ด้วยอำนาจตามที่ได้รับมอบหมาย เพื่อบริหารทรัพยากรในการดำเนินงาน, รวมถึงทรัพยากรบุคคลากร หรือการเงินของโครงการที่ริเริ่มนั้นๆ ซึ่งมีอยู่จำกัด ; โน้มน้าวบุคคลภายในและภายนอกที่ไม่เต็มใจยอมรับนโยบายของโครงการให้เกิดการยอมรับและให้ความร่วมมือ ; แบ่งปันความรู้ และพัฒนาผู้อื่นให้สามารถคิดและดำเนินการได้ด้วยตนเอง ; มีความรู้ที่ได้รับการพัฒนามาเป็นอย่างดี เพื่อใช้บริหารจัดการโครงการที่ได้รับมอบหมาย และมีทักษะในการจัดการสมาชิกในทีม
... B84: P10-A | C84: P9-A | D84: P11 | E84: E | F84: T | G84: =B84&F84 -> P10-AT | H84: =C84&F84 -> P9-AT | I84: =D84&F84 -> P11T | N84: จัดการงานประจำให้สำเร็จลุล่วงตามมาตรฐานการทำงานที่กำหนดไว้ภายใต้การกำกับดูแลอย่างใกล้ชิด ; ทำงานตามมาตรฐานการปฏิบัติงานที่มีอยู่ ณ ปัจจุบัน ; หากพบความผิดพลาด หรือเหตุการณ์ที่เกือบทำให้เกิดความผิดพลาดในหน้างานที่รับผิดชอบให้รายงานหัวหน้างานทันที ; ให้ข้อมูลพื้นฐานที่เกี่ยวกับงานที่ตนเองรับผิดชอบแก่ผู้มีส่วนเกี่ยวข้องหลักภายในได้ ; แบ่งปันความรู้ในงานที่ทำกับผู้อื่น ; มีความรู้ หรือ ประสบการณ์ที่ค่อนข้างจำกัด
B85: G11 | C85: G10 | D85: - | E85: E | F85: T | G85: =B85&F85 -> G11T | H85: =C85&F85 -> G10T | I85: -
B86: P11 | C86: P10-A | D86: - | E86: E | F86: T | G86: =B86&F86 -> P11T | H86: =C86&F86 -> P10-AT | I86: - | N86: จัดการหน้างานประจำวันให้สำเร็จลุล่วงตามมาตรฐานการทำงานที่กำหนดไว้ภายใต้การกำกับดูแลจากหัวหน้างานอย่างใกล้ชิด ; ทำงานตามมาตรฐานการปฏิบัติงานที่มีอยู่ ณ ปัจจุบัน ; หากพบความผิดพลาด หรือเหตุการณ์ที่เกือบทำให้เกิดความผิดพลาดในหน้างานที่รับผิดชอบให้รายงานหัวหน้างานทันที ; ให้ข้อมูลพื้นฐานที่เกี่ยวกับงานที่ตนเองรับผิดชอบแก่ผู้มีส่วนเกี่ยวข้องหลักภายในได้ ; แบ่งปันความรู้ในงานที่ทำกับผู้อื่น ; มีความรู้ หรือ ประสบการณ์ที่ค่อนข้างจำกัด
P88: For setting as the beginning of the year : สำหรับการกำหนดในช่วงต้นปี | S88: For Mid-year review and revise (if any) : สำหรับการทบทวนช่วงกลางปี และ การปรับแก้ไข (ถ้ามี)
P89: Emloyee Signature พนักงานลงลายมือชื่อ | Q89: 1st Appraiser Signature ผู้ประเมินคนที่ 1 ลงลายมือชื่อ | R89: 2nd Appraiser Signature ผู้ประเมินคนที่ 2 ลงลายมือชื่อ | S89: Emloyee Signature พนักงานลงลายมือชื่อ | T89: 1st Appraiser Signature ผู้ประเมินคนที่ 1 ลงลายมือชื่อ | U89: 2nd Appraiser Signature ผู้ประเมินคนที่ 2 ลงลายมือชื่อ
P94: Date: | Q94: Date: | R94: Date: | S94: Date: | T94: Date: | U94: Date:
P97: 1st-Half Assessment for Mid-Year Bonus (การประเมินผลช่วงครึ่งปีแรก ม.ค. ถึง มิ.ย. เพื่อจ่ายโบนัสกลางปี) | S97: 2nd-Half Assessment for Year-End Bonus (การประเมินผลช่วงครึ่งปีหลัง ก.ค. ถึง ธ.ค. เพื่อจ่ายโบนัสปลายปี)
P98: Emloyee Signature พนักงานลงลายมือชื่อ | Q98: 1st Appraiser Signature ผู้ประเมินคนที่ 1 ลงลายมือชื่อ | R98: 2nd Appraiser Signature ผู้ประเมินคนที่ 2 ลงลายมือชื่อ | S98: Emloyee Signature พนักงานลงลายมือชื่อ | T98: 1st Appraiser Signature ผู้ประเมินคนที่ 1 ลงลายมือชื่อ | U98: 2nd Appraiser Signature ผู้ประเมินคนที่ 2 ลงลายมือชื่อ
P103: Date: | Q103: Date: | R103: Date: | S103: Date: | T103: Date: | U103: Date:

Sheet How to fill MBO
A1: Thai Parkerizing Co., Ltd. | AT1: G8 | AU1: T | AV1: =AT1&AU1 -> G8T | AW1: =VLOOKUP($AV$1,'Weight & Grade Def.'!$G$7:$I$86,2,0) -> G7T | AX1: =VLOOKUP($AV$1,'Weight & Grade Def.'!$G$7:$I$86,3,0) -> G9T
A2: Performance Appraisal - Management by Objective (MBO) Form | AW2: =VLOOKUP($AV$1,'Weight & Grade Def.'!$G$7:$I$86,2,0) -> G7T | AX2: =VLOOKUP($AV$1,'Weight & Grade Def.'!$G$7:$I$86,2,0) -> G7T
AL3: Measuring Criteria : เงื่อนไขการประเมิน | AW3: Upper | AX3: Lower
A4: Name | B4: Ms.Kasera Sakunwong | I4: Code | J4: 1630441 | M4: Position | N4: Senior Manager | V4: Current Grade | X4: =AT1 -> G8 | AC4: Date promoted to current grade | AG4: Year 2019 | AL4: 5: | AM4: Far exceed expected achievement result
A5: ชื่อ-นามสกุล | I5: รหัสพนักงาน | M5: ตำแหน่ง | V5: เกรดปัจจุบัน | AC5: วันที่ได้รับการปรับสู่เกรดปัจจุบัน | AM5: ทำได้มากกว่าผลลัพธ์ที่คาดหวังไปมาก
AL6: 4: | AM6: Exceed expected achievement result
A7: Location | C7: Bangpoo | H7: Division / Department / Section | L7: Administration / HR & GA | Z7: Date joined | AB7: 1 January 2008 | AF7: Total year-of-service | AI7: 10 years 10 months | AK7: Years | AM7: ทำได้มากกว่าผลลัพธ์ที่คาดหวังไว้
A8: พื้นที่ปฏิบัติงาน | H8: ฝ่าย / แผนก / หน่วยงาน | Z8: วันเริ่มงาน | AF8: อายุงาน | AL8: 3: | AM8: Fully meet expected achievement result
AM9: ทำได้ตามผลลัพธ์ที่คาดหวังไว้ทั้งหมด
A10: First Appraiser | C10: Mr.Jakpet Paranajinda / Division Manager | O10: Second Appraiser | R10: Mr.Yuichi Nonaka / Division Manager | AF10: Appraisal Period | AI10: July - December 2021 | AL10: 2: | AM10: Partially meet expected achievement result
A11: (ระบุชื่อและตำแหน่งของผู้ประเมินคนที่ 1) | O11: (ระบุชื่อและตำแหน่งของผู้ประเมินคนที่ 2) | AF11: ช่วงการประเมิน | AM11: ทำได้ตามผลลัพธ์ที่คาดหวังไว้เพียงบางส่วน
AL12: 1: | AM12: Rarely meet expected achievement result
AM13: แทบจะไม่เป็นไปผลลัพธ์ที่คาดหวัง
A15: Company's Slogan 2024 คำขวัญบริษัท 2567 | F15: Let's strengthen our commitment toward sustainable growth! | AI15: Approval sign for mutual agreement on MBO (goals) below to be used in measurement ลงลายมือชื่อเพื่อแสดงความเข้าใจและตกลงร่วมกันในการนำเป้าหมายที่กำหนดไว้ด้านล่างนี้มาใช้ในการวัดผลการปฏิบัติงาน
A16: Company's Policy 2024 นโยบายบริษัท 2567 | F16: ความปลอดภัย คือ พื้นฐานของทุกสิ่ง, ปฏิบัติตามกฎหมาย และรักษา Compliance อย่างเคร่งครัด สร้างองค์กรที่ Clean, สิ่งเดียวที่จะสร้างความไว้วางใจจากลูกค้า คือ คุณภาพ, ดำเนินการแบบเชิงรุก เพื่อยกระดับประสิทธิภาพการผลิต และสร้างบริษัทที่เติบโตอย่างยั่งยืน
A18: Grade Definition คำนิยาม | C18: Upper Grade เกรดที่สูงกว่า | F18: =VLOOKUP($F$20,'Weight & Grade Def.'!$B$7:$D$46,2,0) -> G7 | G18: =IFERROR(VLOOKUP($AW$1,'Weight & Grade Def.'!$G$6:$N$86,8,0),"-") -> จัดการกับงานที่ได้รับมอบหมายตามขอบเขตงานให้สำเร็จลุล่วงภายใต้การกำกับดูแลที่จำกัด ; ตรวจสอบ และ แก้ไขปัญหาในระบบปฏิบัติการ หรือ กระบวนการทำงานที่มีอยู่ ณ ปัจจุบัน ; แก้ไขปัญหาในงานที่มีการระบุไว้แล้วอย่างชัดเจนในขอบเขตที่ได้รับมอบหมาย ; อธิบายเกี่ยวกับข้อเท็จจริง แนวปฏิบัติ นโยบายแก่้ผู้มีส่วนเกี่ยวข้องหลักภายในได้ ; ให้คำชี้แนะเกี่ยวกับความรู้ในงานแก่ระดับที่ต่ำกว่า ; มีความรู้เกี่ยวกับงานในเชิงปฏิบัติในขอบเขตงานหนึ่ง
AI19: Approval sign for mutual agreement on below performance rating ลงลายมือชื่อเพื่อแสดงถึงความเข้าใจและตกลงร่วมกันในผลของการประเมินด้านล่างนี้
C20: Current Grade เกรดปัจจุบัน | F20: =AT1 -> G8 | G20: =IFERROR(VLOOKUP($AV$1,'Weight & Grade Def.'!$G$6:$N$86,8,0),"-") -> จัดการกับงานระดับพื้นฐานที่ได้รับมอบหมายตามขอบเขตงานให้สำเร็จลุล่วงภายใต้การกำกับดูแลทั่วไป ; ตรวจสอบระบบปฏิบัติการ หรือ กระบวนการทำงานที่มีอยู่ ณ ปัจจุบัน ; แก้ไขปัญหาในงานที่มีการระบุไว้แล้วอย่างชัดเจนในขอบเขตที่ได้รับมอบหมาย ; อธิบายเกี่ยวกับข้อเท็จจริง แนวการปฏิบัติ นโยบายแก่้ผู้มีส่วนเกี่ยวข้องหลักภายในได้ ; ให้คำชี้แนะเกี่ยวกับความรู้ในงานแก่ระดับที่ต่ำกว่า ; มีความรู้เกี่ยวกับงานในเชิงทฤษฎีในขอบเขตงานหนึ่ง
C22: Lower Grade เกรดที่ต่ำกว่า | F22: =VLOOKUP($F$20,'Weight & Grade Def.'!$B$7:$D$46,3,0) -> G9 | G22: =IFERROR(VLOOKUP($AX$1,'Weight & Grade Def.'!$G$6:$N$86,8,0),"-") -> จัดการงานประจำให้สำเร็จลุล่วงภายใต้การกำกับดูแลในระดับปานกลาง ; ปฏิบัติงาน และ ทำการตรวจสอบเพื่อให้เป็นไปตามมาตรฐานการปฏิบัติงานที่มีอยู่ ณ ปัจจุบัน ; หากพบความผิดพลาด หรือเหตุการณ์ที่เกือบทำให้เกิดความผิดพลาดในขอบเขตการทำงานที่รับผิดชอบให้รายงานหัวหน้างานทันที ; ให้ข้อมูลพื้นฐานที่เกี่ยวกับงานที่ตนเองรับผิดชอบ รวมถึงอธิบายข้อเสนอแนะของตนเองแก่ผู้มีส่วนเกี่ยวข้องหลักภายในได้ ; แบ่งปันความรู้ในงานที่ทำกับผู้อื่น ; มีความรู้ และ ประสบการณ์ระดับพื้นฐานในขอบเขตงานหนึ่ง
A26: Part 1 : Initial & Improvement (Total weight for Part 1 must be | K26: =VLOOKUP($AT$1,'Weight & Grade Def.'!$B$7:$M$46,10,0) -> 60 | L26: %
A28: No. ลำดับ | B28: Goal : Quatitative / Qualitative (What are you expected to achieve?) เป้าหมาย : ทั้งเชิงปริมาณและเชิงคุณภาพ (สิ่งที่คุณถูกคาดหวังให้ดำเนินการจนสำเร็จ) | F28: 1st-Half Assessment for Mid-Year Bonus (การประเมินผลช่วงครึ่งปีแรก ม.ค. ถึง มิ.ย. เพื่อจ่ายโบนัสกลางปี) | Z28: 2nd-Half Assessment for Year-End Bonus (การประเมินผลช่วงครึ่งปีหลัง ก.ค. ถึง ธ.ค. เพื่อจ่ายโบนัสปลายปี)
F29: Action Plan : แผนปฏิบัติงาน (required process, schedule for goal realization กระบวนการที่จำเป็น, กำหนดการเพื่อให้เป้าหมายประสบผลสำเร็จ) | I29: Start-End วันที่เริ่มต้นและสิ้นสุด | J29: Achievement measuing criteria (i.e. what and how for each rating) ตัวชี้วัดความสำเร็จ (คือ วัดด้วยสิ่งใด และจะวัดอย่างไร) | M29: Status review of each objective at mid-term (Appraiser & Appraisee discuss results) ทบทวนความสำเร็จของแต่ละเป้าหมาย ในช่วงกลางปี (ผู้ประเมินและผู้ถูกประเมินพูดคุยกันเกี่ยวกับผลลัพธ์ที่เกิดขึ้น) | P29: Weight (%) น้ำหนัก | Q29: Self-Assessment (พนักงานประเมินตนเอง) | T29: 1st Appraisal Assessment (ประเมินโดยผู้ประเมินคนที่ 1) | W29: 2nd Appraisal Assessment (ประเมินโดยผู้ประเมินคนที่ 2) | Z29: Action Plan : แผนปฏิบัติงาน (required process, schedule for goal realization กระบวนการที่จำเป็น, กำหนดการเพื่อให้เป้าหมายประสบผลสำเร็จ) | AC29: Start-End วันที่เริ่มต้นและสิ้นสุด | AD29: Achievement measuing criteria (i.e. what and how for each rating) ตัวชี้วัดความสำเร็จ (คือ วัดด้วยสิ่งใด และจะวัดอย่างไร) | AG29: Status review of each objective at mid-term (Appraiser & Appraisee discuss results) ทบทวนความสำเร็จของแต่ละเป้าหมาย ในช่วงกลางปี (ผู้ประเมินและผู้ถูกประเมินพูดคุยกันเกี่ยวกับผลลัพธ์ที่เกิดขึ้น) | AJ29: Weight (%) น้ำหนัก | AK29: Self-Assessment (พนักงานประเมินตนเอง) | AN29: 1st Appraisal Assessment (ประเมินโดยผู้ประเมินคนที่ 1) | AQ29: 2nd Appraisal Assessment (ประเมินโดยผู้ประเมินคนที่ 2)
Q30: Score | R30: Achieved numeric value / condition ระบุตัวเลข / ลักษณะ ที่บอกถึงความสำเร็จตามเป้าหมาย | T30: Score | U30: Achieved numeric value / condition ระบุตัวเลข / ลักษณะ ที่บอกถึงความสำเร็จตามเป้าหมาย | W30: Score | X30: Achieved numeric value / condition ระบุตัวเลข / ลักษณะ ที่บอกถึงความสำเร็จตามเป้าหมาย | AK30: Score | AL30: Achieved numeric value / condition ระบุตัวเลข / ลักษณะ ที่บอกถึงความสำเร็จตามเป้าหมาย | AN30: Score | AO30: Achieved numeric value / condition ระบุตัวเลข / ลักษณะ ที่บอกถึงความสำเร็จตามเป้าหมาย | AQ30: Score | AR30: Achieved numeric value / condition ระบุตัวเลข / ลักษณะ ที่บอกถึงความสำเร็จตามเป้าหมาย
Q31: คะแนน | T31: คะแนน | W31: คะแนน | AK31: คะแนน | AN31: คะแนน | AQ31: คะแนน
A32: MBO (Goal) : 1 | B32: Improve customer satisfaction score by 12 percent within 6 months | J32: 5: 4: 3: increase 12% within 6 months 2: 1: | P32: 0.3 | Q32: 5 | T32: 5 | W32: 5 | AD32: 5: 4: 3: 2: 1: | AJ32: 0.2 | AK32: 5 | AN32: 5 | AQ32: 5
A38: MBO (Goal) : 2 | J38: 5: 4: 3: 2: 1: | P38: 0.2 | Q38: 5 | T38: 5 | W38: 5 | AD38: 5: 4: 3: 2: 1: | AJ38: 0.2 | AK38: 5 | AN38: 5 | AQ38: 5
A44: MBO (Goal) : 3 | J44: 5: 4: 3: 2: 1: | P44: 0.1 | Q44: 5 | T44: 5 | W44: 5 | AD44: 5: 4: 3: 2: 1: | AJ44: 0.2 | AK44: 5 | AN44: 5 | AQ44: 5
A50: MBO (Goal) : 4 | J50: 5: 4: 3: 2: 1: | Q50: 5 | T50: 5 | W50: 5 | AD50: 5: 4: 3: 2: 1: | AK50: 5 | AN50: 5 | AQ50: 5
A56: MBO (Goal) : 5 | J56: 5: 4: 3: 2: 1: | Q56: 5 | T56: 5 | W56: 5 | AD56: 5: 4: 3: 2: 1: | AK56: 5 | AN56: 5 | AQ56: 5
M62: Sub Total | P62: =SUM($P$32:$P$61) -> 0.6 | Q62: =AVERAGE(Q$32:Q$61)*($K$26/100) -> 3 | T62: =AVERAGE(T$32:T$61)*($K$26/100) -> 3 | W62: =AVERAGE(W$32:W$61)*($K$26/100) -> 3 | AG62: Sub Total | AJ62: =SUM(AJ32:AJ61) -> 0.6 | AK62: =AVERAGE(AK$32:AK$61)*($K$26/100) -> 3 | AN62: =AVERAGE(AN$32:AN$61)*($K$26/100) -> 3 | AQ62: =AVERAGE(AQ$32:AQ$61)*($K$26/100) -> 3
A65: Part 2 : Regular Work (Total weight for Part 2 must be | J65: =VLOOKUP($AT$1,'Weight & Grade Def.'!$B$7:$M$46,11,0) -> 40 | K65: %
A67: No. ลำดับ | B67: Goal : Quatitative / Qualitative (What are you expected to achieve?) เป้าหมาย : ทั้งเชิงปริมาณและเชิงคุณภาพ (สิ่งที่คุณถูกคาดหวังให้ดำเนินการจนสำเร็จ) | F67: 1st-Half Assessment for Mid-Year Bonus (การประเมินผลช่วงครึ่งปีแรก ม.ค. ถึง มิ.ย. เพื่อจ่ายโบนัสกลางปี) | Z67: 2nd-Half Assessment for Year-End Bonus (การประเมินผลช่วงครึ่งปีหลัง ก.ค. ถึง ธ.ค. เพื่อจ่ายโบนัสปลายปี)
F68: Action Plan : แผนปฏิบัติงาน (required process, schedule for goal realization กระบวนการที่จำเป็น, กำหนดการเพื่อให้เป้าหมายประสบผลสำเร็จ) | I68: Start-End วันที่เริ่มต้นและสิ้นสุด | J68: Achievement measuing criteria (i.e. what and how for each rating) ตัวชี้วัดความสำเร็จ (คือ วัดด้วยสิ่งใด และจะวัดอย่างไร) | M68: Status review of each objective at mid-term (Appraiser & Appraisee discuss results) ทบทวนความสำเร็จของแต่ละเป้าหมาย ในช่วงกลางปี (ผู้ประเมินและผู้ถูกประเมินพูดคุยกันเกี่ยวกับผลลัพธ์ที่เกิดขึ้น) | P68: Weight (%) น้ำหนัก | Q68: Self-Assessment (พนักงานประเมินตนเอง) | T68: 1st Appraisal Assessment (ประเมินโดยผู้ประเมินคนที่ 1) | W68: 2nd Appraisal Assessment (ประเมินโดยผู้ประเมินคนที่ 2) | Z68: Action Plan : แผนปฏิบัติงาน (required process, schedule for goal realization กระบวนการที่จำเป็น, กำหนดการเพื่อให้เป้าหมายประสบผลสำเร็จ) | AC68: Start-End วันที่เริ่มต้นและสิ้นสุด | AD68: Achievement measuing criteria (i.e. what and how for each rating) ตัวชี้วัดความสำเร็จ (คือ วัดด้วยสิ่งใด และจะวัดอย่างไร) | AG68: Status review of each objective at mid-term (Appraiser & Appraisee discuss results) ทบทวนความสำเร็จของแต่ละเป้าหมาย ในช่วงกลางปี (ผู้ประเมินและผู้ถูกประเมินพูดคุยกันเกี่ยวกับผลลัพธ์ที่เกิดขึ้น) | AJ68: Weight (%) น้ำหนัก | AK68: Self-Assessment (พนักงานประเมินตนเอง) | AN68: 1st Appraisal Assessment (ประเมินโดยผู้ประเมินคนที่ 1) | AQ68: 2nd Appraisal Assessment (ประเมินโดยผู้ประเมินคนที่ 2)
Q69: Score | R69: Achieved numeric value / condition ระบุตัวเลข / ลักษณะ ที่บอกถึงความสำเร็จตามเป้าหมาย | T69: Score | U69: Achieved numeric value / condition ระบุตัวเลข / ลักษณะ ที่บอกถึงความสำเร็จตามเป้าหมาย | W69: Score | X69: Achieved numeric value / condition ระบุตัวเลข / ลักษณะ ที่บอกถึงความสำเร็จตามเป้าหมาย | AK69: Score | AL69: Achieved numeric value / condition ระบุตัวเลข / ลักษณะ ที่บอกถึงความสำเร็จตามเป้าหมาย | AN69: Score | AO69: Achieved numeric value / condition ระบุตัวเลข / ลักษณะ ที่บอกถึงความสำเร็จตามเป้าหมาย | AQ69: Score | AR69: Achieved numeric value / condition ระบุตัวเลข / ลักษณะ ที่บอกถึงความสำเร็จตามเป้าหมาย
Q70: คะแนน | T70: คะแนน | W70: คะแนน | AK70: คะแนน | AN70: คะแนน | AQ70: คะแนน
A71: MBO (Goal) : 1 | J71: 5: 4: 3: 2: 1: | P71: 0.2 | Q71: 5 | T71: 5 | W71: 5 | AD71: 5: 4: 3: 2: 1: | AJ71: 0.2 | AK71: 4 | AN71: 5 | AQ71: 5
A77: MBO (Goal) : 2 | J77: 5: 4: 3: 2: 1: | P77: 0.2 | Q77: 5 | T77: 5 | W77: 5 | AD77: 5: 4: 3: 2: 1: | AJ77: 0.2 | AK77: 5 | AN77: 5 | AQ77: 5
A83: MBO (Goal) : 3 | J83: 5: 4: 3: 2: 1: | Q83: 5 | T83: 5 | W83: 5 | AD83: 5: 4: 3: 2: 1: | AK83: 5 | AN83: 5 | AQ83: 4
A89: MBO (Goal) : 4 | J89: 5: 4: 3: 2: 1: | Q89: 5 | T89: 5 | W89: 5 | AD89: 5: 4: 3: 2: 1: | AK89: 5 | AN89: 5 | AQ89: 3
A95: MBO (Goal) : 5 | J95: 5: 4: 3: 2: 1: | Q95: 5 | T95: 5 | W95: 5 | AD95: 5: 4: 3: 2: 1: | AK95: 5 | AN95: 5 | AQ95: 2
A101: Remarks : Instruction for MBO (คำแนะนำในการกรอกแบบฟอร์ม MBO) | M101: Sub Total | P101: =SUM($P$71:$P$100) -> 0.4 | Q101: =AVERAGE(Q$71:Q$100)*($J$65/100) -> 2 | T101: =AVERAGE(T$71:T$100)*($J$65/100) -> 2 | W101: =AVERAGE(W$71:W$100)*($J$65/100) -> 2 | AG101: Sub Total | AJ101: =SUM($AJ$71:$AJ$100) -> 0.4 | AK101: =AVERAGE(AK$71:AK$100)*($J$65/100) -> 1.92 | AN101: =AVERAGE(AN$71:AN$100)*($J$65/100) -> 2 | AQ101: =AVERAGE(AQ$71:AQ$100)*($J$65/100) -> 1.52
A102: 1. Fill in individual information (name, position, grade, department /section, and the appraisal period) under appropriate columns กรอกรายละเอียดส่วนบุคคล (ชื่อ, ตำแหน่งาน, เกรด, แผนก/หน่วยงาน, และช่วงเวลาของการประเมินผล) | G102: 7. Set and agree achievement measuring criteria (what are the expected results and how will they be measured) during objective setting session with appraiser. กำหนดและหาข้อตกลงของเงื่อนไขในการชี้วัดความสำเร็จ (สิ่งที่เป็นผลลัพธ์ที่คาดหวังคืออะไร และจะวัดความสำเร็จของผลลัพธ์ที่คาดหวังนั้นได้อย่างไร)
A103: 2. Re-visit and confirm updated objectives of one's company/department/section ทบทวนและยืนยันนโยบาย/เป้าหมายที่เป็นปัจจุบันของหน่วยงาน/ แผนก/ บริษัทฯ | G103: 8. Assign weight to each objective to indicate priority / importance (total will be added up to 100%) กำหนดน้ำหนักของเป้าหมายแต่ละตัว เพื่อให้เห็นถึงความสำคัญ และลำดับก่อนหลัง (รวมแล้วเป็น 100%) | M103: Grand Total | P103: =P101+P62 -> 1 | Q103: Self | S103: =Q62+Q101 -> 5 | T103: 1st Appraiser | V103: =T62+T101 -> 5 | W103: 2nd Appraiser | Y103: =W62+W101 -> 5 | AG103: Grand Total | AJ103: =AJ101+AJ62 -> 1 | AK103: Self | AM103: =AK62+AK101 -> 4.92 | AN103: 1st Appraiser | AP103: =AN62+AN101 -> 5 | AQ103: 2nd Appraiser | AS103: =AQ62+AQ101 -> 4.52
A104: 3. Fill in definition of current grade level in order to promote accuracy in objective setting and result measuring in appropriate level เติมคำจำกัดความที่เป็นบทบาทหน้าที่ของเกรดปัจจุบัน เพื่อให้แน่ใจว่าจะทำให้การกำหนดเป้าหมายมีความถูกต้อง และการกำหนดตัวชี้วัดมีความเหมาะสมกับระดับเกรดปัจจุบัน | G104: 9. Apraisee and appraiser review and update status of each objective before appraisal period. ผู้ถูกประเมิน และ ผู้ประเมิน จะต้องทำการทบทวน และบันทึกสถานะปัจจุบัน หรือความคืบหน้าของแต่ละเป้าหมายก่อนถึงรอบการประเมิน
A105: 4. Fill in objectives under appropriate category (Part I : Common goal, Part II : Individual accountability) กำหนดเป้าหมายแต่ละหมวดหมู่อย่างเหมาะสม (ส่วนที่ 1 : เป้าหมายร่วม หรือ งานปรับปรุง งานริเริ่มที่ส่งเสริมเป้าหมายโดยรวมของแผนก ส่วนที่ 2 : ความรับผิดชอบหรืองานประจำที่ได้รับมอบหมายของแต่ละบุคคล) | G105: 10. At then end of appraisal period, apraisee elaborates level of achievement based on each objective, and state numeric score under "Self" column. Calculate total score of each part by applying weighting scale and add up total scores to obtain "grand total score" by applying weighting scale. เมื่อใกล้ช่วงเวลาการประเมินผล ผู้ถูกประเมินจะต้องบันทึกระดับของควาสำเร็จของแต่ละเป้าหมายโดยการให้คะแนนในช่อง “Self-ประเมินตนเอง” หาผลรวมของคะแนนของเป้าหมายแต่ละประเภทตามตัวถ่วงน้ำหนัก จากนั้นนำเป้าหมายทั้งสองประเภทมาหาผลรวมสุดท้ายตามตัวถ่วงน้ำหนักที่กำหนดไว้
A106: 5. Fill in action plans required for objective realization by clearly indicating "how" & "by when" & "with whom" written objectives will be carried out. บรรยายแผนงานที่จะดำเนินการ โดยจะต้องระบุข้อความให้ชัดเจน ว่าจะทำอย่างไร และ จะแล้วเสร็จเมื่อไร รวมถึง ร่วมดำเนินการกับใคร เพื่อให้เป้าหมายที่กำหนดไว้นั้นบรรลุผลสำเร็จลงได้ | G106: 11. Appraiser reviews level of achievement and assigns numeric score under "1st Appraiser" column and adds comment if necessary. ผู้ประเมินทบทวนระดับของความสำเร็จ และใส่เลขคะแนนในช่อง “ผู้ประเมินคนที่ 1” และใส่คำติชม ถ้ามี
A107: 6. Set the starting date and completed date for each objective in order to understand the actual time to complete the objective. กำหนดวันเริ่มต้น และวันเสร็จสิ้นของแต่ละเป้าหมายเพื่อให้ทราบเวลาที่ใช้ไปจริงๆ ในการทำเป้าหมายให้สำเร็จ | G107: 12. Submit MBO form for approval, 2nd evaluation result to be shown under "2nd Appraiser" column and adds comment if necessary. นำส่ง แบบฟอร์ม MBO เพื่อขอการอนุมัติ จากผู้ประเมินคนที่ 2 ซึ่งผลคะแนนจากการประเมินจะถูกนำมาใส่ในช่อง “ผู้ประเมินคนที่ 2” ซึ่งสามารถใส่เพิ่มคำติชมได้ ถ้ามี

Sheet How to fill 6 Factors 
A1: Thai Parkerizing Co., Ltd. | AU1: E8 | AV1: T | AW1: =AU1&AV1 -> E8T | AX1: =VLOOKUP($AW$1,'Weight & Grade Def.'!$G$7:$I$86,2,0) -> E7T | AY1: =VLOOKUP($AW$1,'Weight & Grade Def.'!$G$7:$I$86,3,0) -> G9T
A2: Behavioral Appraisal - Competency Assessment Form | AX2: =VLOOKUP($AW$1,'Weight & Grade Def.'!$G$7:$I$86,2,0) -> E7T | AY2: =VLOOKUP($AW$1,'Weight & Grade Def.'!$G$7:$I$86,2,0) -> E7T
AK3: Our signatures indicates mutual agreement on the below professOur signatures indicates mutual agreement on the below professionality assessment, comments, and training & development planionality assessment, comments, and training & development plan การลงลายมือชื่อของเรา แสดงถึง ความเข้าใจและเห็นพ้องต้องกันในผลการประเมิน การให้คำติชม รวมถึงการดำเนินการเรื่องแผนการพัฒนาและการฝึกอบรมที่อยู่ด้านล่างนี้ | AO3: 1st-Half Assessment for Mid-Year Bonus
A4: Name | I4: Code | M4: Position | V4: Current Grade | X4: =AU1 -> E8 | AB4: Date promoted to current grade | AX4: Upper | AY4: Lower
A5: ชื่อ-นามสกุล | I5: รหัสพนักงาน | M5: ตำแหน่ง | V5: เกรดปัจจุบัน | AB5: วันที่ได้รับการปรับสู่เกรดปัจจุบัน
AO6: Appraisee | AQ6: 1st Appraiser | AS6: 2nd Appraiser
A7: Location | H7: Division / Department / Section | Y7: Date joined | AE7: Total year-of-service | AJ7: Years | AO7: Date: | AQ7: Date: | AS7: Date:
A8: พื้นที่ปฏิบัติงาน | H8: ฝ่าย / แผนก / หน่วยงาน | Y8: วันเริ่มงาน | AE8: อายุงาน | AO8: 2nd-Half Assessment for Year-End Bonus
A10: First Appraiser | O10: Second Appraiser | AE10: Appraisal Period | AH10: Jul - Dec 2021
A11: (ระบุชื่อและตำแหน่งของผู้ประเมินคนที่ 1) | O11: (ระบุชื่อและตำแหน่งของผู้ประเมินคนที่ 2) | AE11: ช่วงการประเมิน | AO11: Appraisee | AQ11: 1st Appraiser | AS11: 2nd Appraiser
AO12: Date: | AQ12: Date: | AS12: Date:
A14: Grade Definition คำนิยาม | C14: Upper Grade เกรดที่สูงกว่า | F14: =VLOOKUP($F$16,'Weight & Grade Def.'!$B$7:$D$46,2,0) -> E7 | G14: =IFERROR(VLOOKUP($AX$1,'Weight & Grade Def.'!$G$6:$N$86,8,0),"-") -> จัดการกับงานที่ได้รับมอบหมายตามขอบเขตงานให้สำเร็จลุล่วงภายใต้การกำกับดูแลที่จำกัด ; ตรวจสอบ และ แก้ไขปัญหาในระบบปฏิบัติการ หรือ กระบวนการทำงานที่มีอยู่ ณ ปัจจุบัน ; แก้ไขปัญหาในงานที่มีการระบุไว้แล้วอย่างชัดเจนในขอบเขตที่ได้รับมอบหมาย ; อธิบายเกี่ยวกับข้อเท็จจริง แนวปฏิบัติ นโยบายแก่้ผู้มีส่วนเกี่ยวข้องหลักภายในได้ ; ให้คำชี้แนะเกี่ยวกับความรู้ในงานแก่ระดับที่ต่ำกว่า ; มีความรู้เกี่ยวกับงานในเชิงปฏิบัติในขอบเขตงานหนึ่ง | AJ14: Measuring Criteria : เงื่อนไขการประเมิน
AJ15: 5: | AK15: Always take appropriate action and be regarded as a "role model" ดำเนินการได้อย่างเหมาะสม ตรงตามที่คาดหวังอยู่เสมอ และได้รับการยอมรับในฐานะแบบอย่างที่ดี
C16: Current Grade เกรดปัจจุบัน | F16: =AU1 -> E8 | G16: =IFERROR(VLOOKUP($AW$1,'Weight & Grade Def.'!$G$6:$N$86,8,0),"-") -> จัดการกับงานระดับพื้นฐานที่ได้รับมอบหมายตามขอบเขตงานให้สำเร็จลุล่วงภายใต้การกำกับดูแลทั่วไป ; ตรวจสอบระบบปฏิบัติการ หรือ กระบวนการทำงานที่มีอยู่ ณ ปัจจุบัน ; แก้ไขปัญหาในงานที่มีการระบุไว้แล้วอย่างชัดเจนในขอบเขตที่ได้รับมอบหมาย ; อธิบายเกี่ยวกับข้อเท็จจริง แนวการปฏิบัติ นโยบายแก่้ผู้มีส่วนเกี่ยวข้องหลักภายในได้ ; ให้คำชี้แนะเกี่ยวกับความรู้ในงานแก่ระดับที่ต่ำกว่า ; มีความรู้เกี่ยวกับงานในเชิงทฤษฎีในขอบเขตงานหนึ่ง | AJ16: 4: | AK16: Always take appropriate action in various situations ดำเนินการได้อย่างเหมาะสม ตรงตามที่คาดหวัง ในหลากหลายสถานการณ์
AJ17: 3: | AK17: Take appropriate action as expected ดำเนินการได้อย่างเหมาะสม ตรงตามที่คาดหวัง
C18: Lower Grade เกรดที่ต่ำกว่า | F18: =VLOOKUP($F$16,'Weight & Grade Def.'!$B$7:$D$46,3,0) -> G9 | G18: =IFERROR(VLOOKUP($AY$1,'Weight & Grade Def.'!$G$6:$N$86,8,0),"-") -> จัดการงานประจำให้สำเร็จลุล่วงภายใต้การกำกับดูแลในระดับปานกลาง ; ปฏิบัติงาน และ ทำการตรวจสอบเพื่อให้เป็นไปตามมาตรฐานการปฏิบัติงานที่มีอยู่ ณ ปัจจุบัน ; หากพบความผิดพลาด หรือเหตุการณ์ที่เกือบทำให้เกิดความผิดพลาดในขอบเขตการทำงานที่รับผิดชอบให้รายงานหัวหน้างานทันที ; ให้ข้อมูลพื้นฐานที่เกี่ยวกับงานที่ตนเองรับผิดชอบ รวมถึงอธิบายข้อเสนอแนะของตนเองแก่ผู้มีส่วนเกี่ยวข้องหลักภายในได้ ; แบ่งปันความรู้ในงานที่ทำกับผู้อื่น ; มีความรู้ และ ประสบการณ์ระดับพื้นฐานในขอบเขตงานหนึ่ง | AJ18: 2: | AK18: Take some action but not fully appropriate มีการดำเนินการบ้าง แต่ไม่ได้ถูกต้องและเหมาะสมไปทั้งหมด
AJ19: 1: | AK19: No action taking at all ไม่ดำเนินการสิ่งใดเลย
A21: Behavioral Assessment
A23: Items (หัวข้อ) | C23: Definition (คำนิยาม) | G23: Viewpoint (พฤติกรรมตามตำแหน่ง) | K23: 1st-Half Assessment for Mid-Year Bonus (การประเมินผลช่วงครึ่งปีแรก ม.ค. ถึง มิ.ย. เพื่อจ่ายโบนัสกลางปี) | AC23: 2nd-Half Assessment for Year-End Bonus (การประเมินผลช่วงครึ่งปีหลัง ก.ค. ถึง ธ.ค. เพื่อจ่ายโบนัสปลายปี)
K24: Self-Assessment (พนักงานประเมินตนเอง) | Q24: 1st Appraisal Assessment (ประเมินโดยผู้ประเมินคนที่ 1) | W24: 2nd Appraisal Assessment (ประเมินโดยผู้ประเมินคนที่ 2) | AC24: Self-Assessment (พนักงานประเมินตนเอง) | AI24: 1st Appraisal Assessment (ประเมินโดยผู้ประเมินคนที่ 1) | AO24: 2nd Appraisal Assessment (ประเมินโดยผู้ประเมินคนที่ 2)
K25: Score | L25: Comment / Reason (if any) | Q25: Score | R25: Comment / Reason (if any) | W25: Score | X25: Comment / Reason (if any) | AC25: Score | AD25: Comment / Reason (if any) | AI25: Score | AJ25: Comment / Reason (if any) | AO25: Score | AP25: Comment / Reason (if any)
K26: คะแนน | L26: คำติชม/ เหตุผล (ถ้ามี) | Q26: คะแนน | R26: คำติชม/ เหตุผล (ถ้ามี) | W26: คะแนน | X26: คำติชม/ เหตุผล (ถ้ามี) | AC26: คะแนน | AD26: คำติชม/ เหตุผล (ถ้ามี) | AI26: คะแนน | AJ26: คำติชม/ เหตุผล (ถ้ามี) | AO26: คะแนน | AP26: คำติชม/ เหตุผล (ถ้ามี)
A27: Managing Self การจัดการตนเอง | C27: =VLOOKUP($AW$1,'6 Factors Definition'!$B$3:$O$84,2,0) -> นำความรู้และทักษะไปใช้อย่างมีประสิทธิภาพ พัฒนาตนเองในลักษณะของการเพิ่มพูนประสิทธิภาพในบทบาทและหน้าที่ที่รับผิดชอบ และแสดงให้เห็นถึงการพัฒนาตนเองอย่างต่อเนื่องในฐานะผู้ปฏิบัติงาน | G27: =VLOOKUP($AW$1,'6 Factors Definition'!$B$3:$O$84,9,0) -> - รู้จักบทบาทที่คาดหวังและแสดงความรับผิดชอบตามที่คาดไว้ - ดำเนินการให้ได้มาซึ่งความรู้ ทักษะ และความเชี่ยวชาญใหม่ ๆ | K27: 5 | Q27: 5 | W27: 4 | AC27: 4 | AI27: 4 | AO27: 3
A33: Managing Others การจัดการผู้อื่น | C33: =VLOOKUP($AW$1,'6 Factors Definition'!$B$3:$O$84,3,0) -> ทำงานร่วมกับผู้อื่นได้อย่างมีประสิทธิภาพ รวมถึงสามารถสื่อสารเพื่อจูงใจและโน้มน้าวผู้อื่นได้อย่างเหมาะสมในฐานะผู้ปฏิบัติงาน | G33: =VLOOKUP($AW$1,'6 Factors Definition'!$B$3:$O$84,10,0) -> - ทำงานร่วมกับผู้อื่นเพื่อบรรลุเป้าหมายร่วมได้ - สื่อสาร และ โน้มน้าวผู้อื่นได้อย่างมีประสิทธิภาพ | K33: 5 | Q33: 5 | W33: 3 | AC33: 5 | AI33: 5 | AO33: 5
A39: Managing Problem การจัดการปัญหา | C39: =VLOOKUP($AW$1,'6 Factors Definition'!$B$3:$O$84,4,0) -> คิดวิเคราะห์ เพื่อระบุปัญหา พร้อมกับพิจารณาทางเลือก และพัฒนาวิธีการแก้ปัญหาในงานที่ตนเองได้รับมอบหมาย | G39: =VLOOKUP($AW$1,'6 Factors Definition'!$B$3:$O$84,11,0) -> - คิดเชิงวิเคราะห์เพื่อระบุปัญหา และวิธีการแก้ไข - ตัดสินใจ ภายใต้ขอบเขตของอำนาจที่ได้รับมอบหมาย และลงมือแก้ไขปัญหาตามเวลาที่กำหนด | K39: 5 | Q39: 5 | W39: 3 | AC39: 5 | AI39: 5 | AO39: 5
A45: Managing Performance การจัดการ ผลการปฏิบัติงาน | C45: =VLOOKUP($AW$1,'6 Factors Definition'!$B$3:$O$84,5,0) -> นำตนเอง และ จัดการกับงานเพื่อบรรลุเป้าหมายที่กำหนดไว้ หรือ ดำเนินงานที่ได้รับมอบหมายให้แล้วเสร็จ | G45: =VLOOKUP($AW$1,'6 Factors Definition'!$B$3:$O$84,12,0) -> - วางแผน, จัดลำดับความสำคัญ, จัดการกับทรัพยากรที่มีอยู่ และสร้างกระบวนการทำงานที่ดีที่สุดเพื่อบรรลุเป้าหมายร่วม - นำตนเอง และผู้อื่นมุ่งสู่การบรรลุเป้าหมายร่วม | K45: 5 | Q45: 5 | W45: 4 | AC45: 5 | AI45: 5 | AO45: 5
A51: Managing Improvement การจัดการเรื่อง การปรับปรุงงาน | C51: =VLOOKUP($AW$1,'6 Factors Definition'!$B$3:$O$84,6,0) -> ปรับปรุงงานที่ตนเองเป็นผู้ได้รับมอบหมายโดยตรง โดยการชี้บ่งวิธีการปรับปรุง หรือ พัฒนาแนวทางใหม่ๆ เพื่อมุ่งไปข้างหน้า | G51: =VLOOKUP($AW$1,'6 Factors Definition'!$B$3:$O$84,13,0) -> - สร้างแนวคิด หรือ ส่งเสริมผู้อื่นให้ดำเนินการเรื่องการปรับปรุงงาน - นำแนวคิดไปลงมือปฏิบัติอย่างเป็นรูปธรรม | K51: 5 | Q51: 5 | W51: 4 | AC51: 5 | AI51: 5 | AO51: 5
A57: Managing Risk การจัดการความเสี่ยง | C57: =VLOOKUP($AW$1,'6 Factors Definition'!$B$3:$O$84,7,0) -> ลดความเสี่ยงในกระบวนการปฏิบัติงาน โดยปรับเปลี่ยนให้สอดคล้องกับกฎระเบียบ แนวปฏิบัติ และมาตรฐานในการปฏิบัติงานของบริษัทฯ รวมไปถึงการกำหนดมาตรการป้องกัน | G57: =VLOOKUP($AW$1,'6 Factors Definition'!$B$3:$O$84,14,0) -> - ปฏิบัติตนสอดคล้องกับกฎระเบียบ และมาตรฐานการปฏิบัติงานเพื่อให้เกิดคุณภาพ - ระบุความเสี่ยงในงาน และกำหนดมาตรการป้องกัน | K57: 5 | Q57: 5 | W57: 4 | AC57: 5 | AI57: 5 | AO57: 5
J63: Average | K63: =AVERAGE(K27:K62) -> 5 | Q63: =AVERAGE(Q27:Q62) -> 5 | W63: =AVERAGE(W27:W62) -> 3.6666667 | AC63: =AVERAGE(AC27:AC62) -> 4.8333333 | AI63: =AVERAGE(AI27:AI62) -> 4.8333333 | AO63: =AVERAGE(AO27:AO62) -> 4.6666667
A65: Additional Remarks (หมายเหตุเพิ่มเติม)
A66: 1st-Half Assessment : การประเมินช่วงครึ่งปีแรก | F66: 2nd-Half Assessment:การประเมินช่วงครึ่งปีหลัง | L66: 1st-Half Assessment for Mid-Year Bonus (การประเมินผลช่วงครึ่งปีแรก ม.ค. ถึง มิ.ย. เพื่อจ่ายโบนัสกลางปี) | AD66: 2nd-Half Assessment for Year-End Bonus (การประเมินผลช่วงครึ่งปีหลัง ก.ค. ถึง ธ.ค. เพื่อจ่ายโบนัสปลายปี)
A67: 1st Appraiser | F67: 1st Appraiser | L67: Overall Appraisal Rating | Q67: Rating | T67: Weight | W67: Score | Z67: Appraisal Rating | AD67: Overall Appraisal Rating | AI67: Rating | AL67: Weight | AO67: Score | AR67: Appraisal Rating
L68: รวมผลการประเมินทั้งหมด | Q68: ผลคะแนน | T68: น้ำหนัก | W68: คะแนน | Z68: สรุปผลการประเมิน | AD68: รวมผลการประเมินทั้งหมด | AI68: ผลคะแนน | AL68: น้ำหนัก | AO68: คะแนน | AR68: สรุปผลการประเมิน
L69: Performance / Goals (MBO) | Q69: =ROUND('New_MBO Form'!$Y$115,1) -> 0 | T69: =VLOOKUP($AU$1,'Weight & Grade Def.'!$B$7:$M$46,9,0) -> 30 | W69: =(Q69*T69)/100 -> 0 | Z69: =W69+W71 -> 2.59 | AD69: Performance / Goals (MBO) | AI69: =ROUND('New_MBO Form'!$AS$115,1) -> 0 | AL69: =VLOOKUP($AU$1,'Weight & Grade Def.'!$B$7:$M$46,9,0) -> 30 | AO69: =(AI69*AL69)/100 -> 0 | AR69: =AO69+AO71 -> 3.29
A70: 2nd Appraiser | F70: 2nd Appraiser | L70: ผลงาน / การบรรลุเป้าหมาย | AD70: ผลงาน / การบรรลุเป้าหมาย
L71: Behavioral (6 Factors) | Q71: =ROUND(W63,1) -> 3.7 | T71: =VLOOKUP($AU$1,'Weight & Grade Def.'!$B$7:$M$46,12,0) -> 70 | W71: =(Q71*T71)/100 -> 2.59 | AD71: Behavioral (6 Factors) | AI71: =ROUND(AO63,1) -> 4.7 | AL71: =VLOOKUP($AU$1,'Weight & Grade Def.'!$B$7:$M$46,12,0) -> 70 | AO71: =(AI71*AL71)/100 -> 3.29
L72: พฤติกรรม | AD72: พฤติกรรม
A74: [For 1st Appraiser] Discussion for further development, only for 2nd half - Evaluation | R74: [For 1st Appraiser and HR] Training and Development Plan, only for 2nd half-evaluation
A75: [ สำหรับผู้ประเมินคนที่ 1] พูดคุยกับผู้ถูกประเมินเกี่ยวกับการพัฒนาในอนาคต, ดำเนินการ เฉพาะในการประเมินช่วงครึ่งปีหลังเท่านัน | R75: [ สำหรับผู้ประเมินคนที่ 1 กับ หน่วยงาน HR] กำหนดแผนการอบรมและพัฒนา, ดำเนินการเฉพาะในการประเมินช่วงครึ่งปีหลังเท่านั้น
A77: Strengths (จุดแข็ง สิ่งที่ทำได้ดี) | I77: Development Needs (สิ่งที่ต้องการจะปรับปรุง) | R77: Training & Development Plan : แผนการอบรม และ พัฒนา | AD77: Training & Development Methods (วิธีการอบรมและพัฒนา) | AM77: Responsible by (ผู้รับผิดชอบ) | AQ77: Target Started & Achieved time
A78: No. | B78: Area | F78: Remarks | I78: No. | J78: Area | N78: Remarks | R78: No. | S78: Type of training / Programs | Y78: Level of trainig / Programs | AD78: OJT Activities | AG78: Off-JT Activities | AJ78: Self-learning | AM78: Employee | AO78: 1st Appriaser | AQ78: Starting Date | AS78: Finished Date
A79: ข้อ | B79: ระบุสิ่งที่ทำได้ดี | F79: หมายเหตุ | I79: ข้อ | J79: ระบุสิ่งที่ต้องปรับปรุง | N79: หมายเหตุ | R79: ข้อ | S79: ระบุหัวข้อการอบรม | Y79: ระดับของการอบรม เช่น Basic หรือ Advance | AD79: อบรมที่หน้างาน | AG79: อบรมนอกเหนือจากหน้างาน | AJ79: เรียนรู้ด้วยตนเอง | AM79: พนักงาน | AO79: ผู้ประเมินคนที่ 1 | AQ79: วันที่เริ่มต้น | AS79: วันที่แล้วเสร็จ
A80: 1 | I80: 1 | R80: 1
A81: 2 | I81: 2 | R81: 2
A82: 3 | I82: 3 | R82: 3
A83: 4 | I83: 4 | R83: 4
A84: 5 | I84: 5 | R84: 5

Sheet Grade Definition
B3: Current C-Level | C3: Current Position Title | D3: Level | F3: Category | G3: New Grade | H3: Management | J3: New Grade | K3: Engineer | M3: New Grade | N3: Sales and Services | P3: New Grade | Q3: General | S3: New Grade | T3: Production
B4: 18 | C4: VP | D4: 1 | F4: Management | G4: M1 | H4: VP | I4: ร่วมกำหนดแผนกลยุทธ์ระยะกลางถึงระยะยาว (3-5 ปี) และบริหารจัดการความสำเร็จของทุกๆ ฝ่ายงาน เพื่อให้บรรลุเป้าหมายของบริษัทฯ ; ดำเนินการปรับปรุง หรือ เปลี่ยนแปลงอย่างมีนัยสำคัญใน กระบวนการ / ระบบ / ผลิตภัณฑ์ ณ ปัจจุบัน ที่จะส่งผลกระทบต่อฝ่ายงานต่างๆ ; จัดการปัญหาในหลายมิติด้วยอำนาจตามบทบาทและหน้าที่ เพื่อบริหารจัดการทรัพยากรในการดำเนินงาน ทรัพยากรบุคคล และการเงินของทุกฝ่ายงาน ; โน้มน้าวบุคคลทั้งภายในและภายนอกที่เห็นต่างให้เต็มใจยอมรับนโยบายของบริษัทฯ ; พัฒนา M2 (Division Managers) ให้สามารถคิด และลงมือทำได้ด้วยตนเอง พร้อมกับสร้างผู้สืบทอดตำแหน่งไปพร้อมๆ กัน ; มีความรู้ด้านการบริหารจัดการในเชิงกว้างและมากพอ ครอบคลุมทุกฝ่ายงาน และมีทักษะในการกำกับดูแลกลุ่มผู้จัดการทั้งหมด
B5: 17 | C5: Ex. Director | D5: 2 | G5: M2 | H5: Div. Mgr. | I5: จัดทำแผนกลยุทธ์ระยะสั้นถึงระยะกลาง (1-3ปี) และบริหารจัดการการบรรลุผลสำเร็จตามเป้าหมายของฝ่ายงานที่รับผิดชอบ ; ปรับปรุง เปลี่ยนแปลงอย่างมีนัยสำคัญใน กระบวนการ / ระบบ / ผลิตภัณฑ์ ทีมีอยู่ณ ปัจจุบัน ที่จะส่งผลกระทบต่อฝ่ายงานที่รับผิดชอบ ; จัดการปัญหาทางธุรกิจที่ซับซ้อนมากขึ้นด้วยอำนาจตามบทบาทและหน้าที่ เพื่อบริหารทรัพยากรในการดำเนินงาน รวมถึงบุคลากร และการเงินของฝ่ายงานที่รับผิดชอบซึ่งมีอยู่จำกัด ; โน้มน้าวบุคคลทั้งภายในและภายนอกที่เห็นต่างให้เต็มใจยอมรับนโยบายของฝ่าย ; พัฒนา M3 หรือ Senior Manager ให้สามารถคิด และลงมือทำได้ด้วยตนเอง พร้อมกับสร้างผู้สืบทอดตำแหน่งไปพร้อมๆ กัน ; มีความรู้ในเชิงกว้างครอบคลุมทุกส่วนในฝ่ายงานที่รับผิดชอบ และมีทักษะในการกำกับดูแลกลุ่มผู้จัดการ | J5: E2 | K5: Expert | L5: บริหารโครงการริเริ่มขนาดใหญ่ ที่จะสร้างคุณค่า หรือเป็นประโยชน์อย่างมีนัยสำคัญต่อการดำเนินงานของบริษัทฯ ในภาพรวม เพื่อให้บรรลุผลสำเร็จตามเป้าหมายสำคัญที่โครงการกำหนดไว้ ; เพิ่มระดับความสำเร็จของกระบวนการ / ระบบ / ผลิตภัณฑ์ที่มีอยู่ เพื่อยกระดับผลการดำเนินงานขององค์กรให้ดีขึ้น ; จัดการปัญหาทางธุรกิจ ด้วยอำนาจเท่าที่ได้รับมอบหมาย เพื่อบริหารทรัพยากรในการดำเนินงาน, รวมถึงทรัพยากรบุคคลากร หรือการเงินของโครงการที่ริเริ่มนั้นๆ ซึ่งมีอยู่จำกัด ; โน้มน้าวบุคคลภายในและภายนอกที่มีความเห็นต่างให้เกิดการยอมรับในนโยบายของโครงการที่ริเริ่มนั้นๆ ; แบ่งปันความรู้ และพัฒนาผู้อื่นให้สามารถคิดและดำเนินการได้ด้วยตนเอง ; มีความรู้ที่ได้รับการพัฒนามาเป็นอย่างดีและเป็นความรู้ระดับก้าวหน้าเพื่อบริหารจัดการโครงการที่ได้รับมอบหมาย และมีทักษะในการจัดการสมาชิกในทีม | M5: S2 | N5: Expert | O5: เหมือน E2 | P5: G2 | Q5: Expert | R5: เหมือน E2
B6: 16 | C6: Director
B7: 15 | C7: Sr. GM | D7: 3 | G7: M3 | H7: Sr. Mgr. | I7: จัดทำแผนระยะสั้น 1 ปี และบริหารจัดการความสำเร็จของหลายแผนก / โรงงานที่กำกับดูแล ; ปรับปรุง ปรับเปลี่ยน กระบวนการ / ระบบ / ผลิตภัณฑ์ ที่มีอยู่ ณ ปัจจุบันอย่างมีนัยสำคัญ เพื่อยกระดับผลการดำเนินงานของหลายแผนก / โรงงานที่กำกับดูแล ; จัดการปัญหาทางธุรกิจที่ซับซ้อน ด้วยอำนาจตามบทบาทและหน้าที่ เพื่อบริหารทรัพยากรในการดำเนินงาน รวมถึงทรัพยากรบุคคล และการเงินซึ่งมีอยู่จำกัดของหลายแผนก / โรงงานที่กำกับดูแล ; โน้มน้าวบุคคลทั้งภายในและภายนอกที่ไม่เต็มใจยอมรับนโยบายของหลายแผนก / โรงงานที่กำกับดูแล ให้หันมาร่วมมือและให้การสนับสนุน ; พัฒนา M4 หรือ Managers ให้สามารถคิด และลงมือทำได้ด้วยตนเอง พร้อมกับสร้างผู้สืบทอดตำแหน่งไปพร้อมๆ กัน ; มีความรู้ทั้งในเชิงกว้างและเชิงลึก ครอบคลุมทุกแผนก หรือ โรงงานที่รับผิดชอบ และมีทักษะในการกำกับดูแล กลุ่มผู้จัดการ | J7: E3 | K7: Sr. Specialist | L7: บริหารโครงการริเริ่มขนาดใหญ่ ที่จะสร้างคุณค่า หรือเป็นประโยชน์อย่างมีนัยสำคัญต่อฝ่ายงานหนึ่ง เพื่อให้บรรลุผลสำเร็จตามเป้าหมายที่โครงการกำหนดไว้ ; เพิ่มระดับความสำเร็จให้กับกระบวนการ / ระบบ / ผลิตภัณฑ์ที่มีอยู่ เพื่อยกระดับผลการดำเนินงานของฝ่ายให้ดีขึ้น ; จัดการปัญหาทางธุรกิจ ด้วยอำนาจเท่าที่ได้รับมอบหมาย เพื่อบริหารทรัพยากรในการดำเนินงาน, รวมถึงทรัพยากรบุคคลากร หรือการเงินของโครงการที่ริเริ่มนั้นๆ ซึ่งมีอยู่จำกัด ; โน้มน้าวบุคคลภายในและภายนอกที่ไม่เต็มใจยอมรับนโยบายของโครงการให้เกิดการยอมรับและให้ความร่วมมือ ; แบ่งปันความรู้ และพัฒนาผู้อื่นให้สามารถคิดและดำเนินการได้ด้วยตนเอง ; มีความรู้ที่ได้รับการพัฒนามาเป็นอย่างดี และมีความรู้กว้าง เพื่อใช้บริหารจัดการโครงการที่ได้รับมอบหมาย และมีทักษะในการจัดการสมาชิกในทีม | M7: S3 | N7: Sr. Specialist | O7: เหมือน E3 | P7: G3 | Q7: Sr. Specialist | R7: เหมือน E3
B8: 14 | C8: GM
B9: 13 | C9: Deputy GM
B10: 12 | C10: Sr. Mgr. | D10: 4 | G10: M4 | H10: Mgr. | I10: จัดทำแผนการปฎิบัติงาน (1ปี) และบริหารจัดการแผนกที่รับผิดชอบเพื่อให้บรรลุเป้าหมายที่กำหนดไว้ ; เพิ่มระดับความสำเร็จให้กับกระบวนการ / ระบบ / ผลิตภัณฑ์ ที่มีอยู่ เพื่อยกระดับผลการดำเนินงานของแผนกให้ดีขึ้น ; จัดการปัญหาทางธุรกิจ ด้วยอำนาจตามบทบาทและหน้าที่ เพื่อบริหารจัดการทรัพยากรในการดำเนินงาน รวมถึงทรัพยากรบุคคล และการเงินซึ่งมีอยู่จำกัดในแผนกที่รับผิดชอบ ; โน้มน้าวบุคคลภายในและภายนอกที่ไม่เต็มใจยอมรับนโยบายของแผนกให้เกิดการยอมรับและให้ความร่วมมือ ; พัฒนา Section Manager และ Assistant Manager รวมถึงสร้างผู้สืบทอดตำแหน่ง ; มีความรู้ทั้งในเชิงกว้างและเชิงลึก ครอบคลุมแผนกที่รับผิดชอบ และมีทักษะในการกำกับดูแลกลุ่มผู้จัดการ | J10: E4 | K10: Specialist | L10: บริหารโครงการริเริ่ม ที่จะสร้างคุณค่า หรือเป็นประโยชน์อย่างมีนัยสำคัญต่อหลายแผนก / โรงงานแห่งหนึ่งแห่งใด เพื่อให้บรรลุผลสำเร็จตามเป้าหมายที่โครงการกำหนดไว้ ; เพิ่มระดับความสำเร็จให้กับกระบวนการ / ระบบ / ผลิตภัณฑ์ที่มีอยู่ เพื่อยกระดับผลการดำเนินงานหลายแผนก / โรงงานแห่งหนึ่งแห่งใด ให้ดีขึ้น ; จัดการปัญหาทางธุรกิจ ด้วยอำนาจตามที่ได้รับมอบหมาย เพื่อบริหารทรัพยากรในการดำเนินงาน, รวมถึงทรัพยากรบุคคลากร หรือการเงินของโครงการที่ริเริ่มนั้นๆ ซึ่งมีอยู่จำกัด ; โน้มน้าวบุคคลภายในและภายนอกที่ไม่เต็มใจยอมรับนโยบายของโครงการให้เกิดการยอมรับและให้ความร่วมมือ ; แบ่งปันความรู้ และพัฒนาผู้อื่นให้สามารถคิดและดำเนินการได้ด้วยตนเอง ; มีความรู้ที่ได้รับการพัฒนามาเป็นอย่างดี เพื่อใช้บริหารจัดการโครงการที่ได้รับมอบหมาย และมีทักษะในการจัดการสมาชิกในทีม | M10: S4 | N10: Specialist | O10: เหมือน E4 | P10: G4 | Q10: Specialist | R10: เหมือน E4
B11: 11 | C11: Mgr.
B12: 10 | C12: Section Mgr. | D12: 5 | F12: Non-management | G12: M5 | H12: Section Mgr. | I12: ร่วมกำหนดแผนการปฎิบัติงาน (1ปี) และบริหารจัดการส่วน (Section) ที่รับผิดชอบเพื่อให้บรรลุเป้าหมายที่กำหนดไว้ ; ปรับเปลี่ยน หรือ เพิ่มระดับความสำเร็จในด้านคุณภาพและคุณค่าให้กับกระบวนการทำงานที่มีอยู่ให้ดีกว่าเดิม เพื่อเป็นการเพิ่มผลิตภาพให้กับทีม ; แก้ไขปัญหาในการปฏิบัติงานด้วยอำนาจที่มีอยู่อย่างจำกัดเพื่อบริหารทรัพยากรในการดำเนินงานในขอบเขตที่ได้รับมอบหมาย ; โน้มน้าวผู้ที่มีส่วนเกี่ยวข้องทั้งภายในและภายนอกให้ยอมตกลง ยอมรับในแนวคิด แนวปฏิบัติ หรือวิธีการใหม่ๆ ; ให้คำปรึกษาและพัฒนาสมาชิกในทีมให้แต่ละคนสามารถคิด และทำงานได้ด้วยตนเอง ; มีความรู้ในงานที่ได้รับการพัฒนามาเป็นอย่างดี เพื่อบริหารการทำงานของทีม และมีทักษะในการกำกับดูแลสมาชิกในทีม | J12: E5 | K12: Asst. Mgr. | L12: กำหนดเป้าหมายในการทำงานให้กับสมาชิกในทีมเพื่อให้บรรลุผลการดำเนินงานและเป้าหมายของทีม ; ปรับเปลี่ยน หรือ เพิ่มระดับความสำเร็จในด้านคุณภาพและคุณค่าให้กับกระบวนการทำงานที่มีอยู่ให้ดีกว่าเดิม เพื่อเป็นการเพิ่มผลิตภาพให้กับทีม ; แก้ไขปัญหาในการปฏิบัติงานด้วยอำนาจที่มีอยู่อย่างจำกัดเพื่อบริหารทรัพยากรในการดำเนินงานในขอบเขตที่ได้รับมอบหมาย ; โน้มน้าวผู้ที่มีส่วนเกี่ยวข้องทั้งภายในและภายนอกให้ยอมตกลง ยอมรับในแนวคิด แนวปฏิบัติ หรือวิธีการใหม่ๆ ; ให้คำปรึกษาและพัฒนาสมาชิกในทีมให้แต่ละคนสามารถคิด และทำงานได้ด้วยตนเอง ; มีความรู้ในงานที่ได้รับการพัฒนามาเป็นอย่างดี เพื่อบริหารการทำงานของทีม และมีทักษะในการกำกับดูแลสมาชิกในทีม | M12: S5 | N12: Asst. Mgr. | O12: เหมือน E5 | P12: G5 | Q12: Asst. Mgr. | R12: เหมือน E5 | S12: P5 | T12: Asst. Mgr | U12: เหมือน E5
B13: 9 | C13: Asst. Section | D13: 6 | J13: E6 | K13: Chief Engineer | L13: จัดการกับงานสำคัญที่ได้รับมอบหมายตามขอบเขตงานให้สำเร็จลุล่วงได้โดยลำพัง ; ปรับเปลี่ยน หรือ ตรวจสอบ พร้อมทั้งแก้ไขปัญหาในระบบปฏิบัติการ หรือ กระบวนการทำงานที่มีอยู่ ณ ปัจจุบัน ; แก้ไขปัญหาในการปฏิบัติงานด้วยอำนาจที่มีอยู่อย่างจำกัด เพื่อจัดการทรัพยากรการดำเนินงานในขอบเขตที่ได้รับมอบหมาย ; โน้มน้าวหรืออธิบายข้อเท็จจริง แนวปฏิบัติ นโยบาย ต่อบุคคลที่เกี่ยวข้องทั้งภายในและภายนอก ; สอนความรู้ในงานให้แก่ระดับที่ต่ำกว่า ; มีความรู้ระดับก้าวหน้าในขอบเขตงานหนึ่ง | M13: S6 | N13: Supervisor | O13: เหมือน E6 | P13: G6 | Q13: Supervisor | R13: เหมือน E6 | S13: P6 | T13: Supervisor | U13: เหมือน E6
B14: 8 | C14: Chief
B15: 7 | C15: Sr. Officer / Sr. Engineer / Sr. SV | D15: 7 | E15: B | J15: E7 | K15: Sr. Engineer | L15: จัดการกับงานที่ได้รับมอบหมายตามขอบเขตงานให้สำเร็จลุล่วงภายใต้การกำกับดูแลที่จำกัด ; ตรวจสอบ และ แก้ไขปัญหาในระบบปฏิบัติการ หรือ กระบวนการทำงานที่มีอยู่ ณ ปัจจุบัน ; แก้ไขปัญหาในงานที่มีการระบุไว้แล้วอย่างชัดเจนในขอบเขตที่ได้รับมอบหมาย ; อธิบายเกี่ยวกับข้อเท็จจริง แนวปฏิบัติ นโยบายแก่้ผู้มีส่วนเกี่ยวข้องหลักภายในได้ ; ให้คำชี้แนะเกี่ยวกับความรู้ในงานแก่ระดับที่ต่ำกว่า ; มีความรู้เกี่ยวกับงานในเชิงปฏิบัติในขอบเขตงานหนึ่ง | M15: S7 | N15: Sr. Staff | O15: เหมือน E7 | P15: G7 | Q15: Sr. Staff | R15: เหมือน E7 | S15: P7-B | T15: Sr. LD-B | U15: เหมือน E7
E16: A | S16: P7-A | T16: Sr. LD-A
B17: 6 | C17: Officer / Engineer / SV | D17: 8 | E17: B | J17: E8 | K17: Engineer | L17: จัดการกับงานระดับพื้นฐานที่ได้รับมอบหมายตามขอบเขตงานให้สำเร็จลุล่วงภายใต้การกำกับดูแลทั่วไป ; ตรวจสอบระบบปฏิบัติการ หรือ กระบวนการทำงานที่มีอยู่ ณ ปัจจุบัน ; แก้ไขปัญหาในงานที่มีการระบุไว้แล้วอย่างชัดเจนในขอบเขตที่ได้รับมอบหมาย ; อธิบายเกี่ยวกับข้อเท็จจริง แนวการปฏิบัติ นโยบายแก่้ผู้มีส่วนเกี่ยวข้องหลักภายในได้ ; ให้คำชี้แนะเกี่ยวกับความรู้ในงานแก่ระดับที่ต่ำกว่า ; มีความรู้เกี่ยวกับงานในเชิงทฤษฎีในขอบเขตงานหนึ่ง | M17: S8 | N17: Staff | O17: เหมือน E8 | P17: G8 | Q17: Staff | R17: เหมือน E8 | S17: P8-B | T17: LD-B | U17: เหมือน E8
B18: 5 | C18: Staff / Foreman | E18: A | S18: P8-A | T18: LD-A
B19: 4 | C19: Operator4 / Leader 4 / Clerk 4 | D19: 9 | E19: B | P19: G9 | Q19: Sr. Clerk | R19: จัดการงานประจำให้สำเร็จลุล่วงภายใต้การกำกับดูแลในระดับปานกลาง ; ปฏิบัติงาน และ ทำการตรวจสอบเพื่อให้เป็นไปตามมาตรฐานการปฏิบัติงานที่มีอยู่ ณ ปัจจุบัน ; หากพบความผิดพลาด หรือเหตุการณ์ที่เกือบทำให้เกิดความผิดพลาดในขอบเขตการทำงานที่รับผิดชอบให้รายงานหัวหน้างานทันที ; ให้ข้อมูลพื้นฐานที่เกี่ยวกับงานที่ตนเองรับผิดชอบ รวมถึงอธิบายข้อเสนอแนะของตนเองแก่ผู้มีส่วนเกี่ยวข้องหลักภายในได้ ; แบ่งปันความรู้ในงานที่ทำกับผู้อื่น ; มีความรู้ และ ประสบการณ์ระดับพื้นฐานในขอบเขตงานหนึ่ง | S19: P9-B | T19: Sr. OP-B | U19: เหมือน G9
B20: 3 | C20: Operator 3/ Leader 3 / Clerk 3 | E20: A | S20: P9-A | T20: Sr. OP-A
B21: 2 | C21: Operator 2 / Clerk 2 | D21: 10 | E21: B | P21: G10 | Q21: Clerk, Driver | R21: จัดการงานประจำให้สำเร็จลุล่วงตามมาตรฐานการทำงานที่กำหนดไว้ภายใต้การกำกับดูแลอย่างใกล้ชิด ; ทำงานตามมาตรฐานการปฏิบัติงานที่มีอยู่ ณ ปัจจุบัน ; หากพบความผิดพลาด หรือเหตุการณ์ที่เกือบทำให้เกิดความผิดพลาดในหน้างานที่รับผิดชอบให้รายงานหัวหน้างานทันที ; ให้ข้อมูลพื้นฐานที่เกี่ยวกับงานที่ตนเองรับผิดชอบแก่ผู้มีส่วนเกี่ยวข้องหลักภายในได้ ; แบ่งปันความรู้ในงานที่ทำกับผู้อื่น ; มีความรู้ หรือ ประสบการณ์ที่ค่อนข้างจำกัด | S21: P10-B | T21: OP-B | U21: เหมือน G10
B22: 1 | C22: Operator 1/Clerk1 / Driver | E22: A | S22: P10-A | T22: OP-A
B23: 0 | C23: Daily Operator, Retired Emp. | D23: 11 | P23: G11 | Q23: Retired Emp. | R23: จัดการหน้างานประจำวันให้สำเร็จลุล่วงตามมาตรฐานการทำงานที่กำหนดไว้ภายใต้การกำกับดูแลจากหัวหน้างานอย่างใกล้ชิด ; ทำงานตามมาตรฐานการปฏิบัติงานที่มีอยู่ ณ ปัจจุบัน ; หากพบความผิดพลาด หรือเหตุการณ์ที่เกือบทำให้เกิดความผิดพลาดในหน้างานที่รับผิดชอบให้รายงานหัวหน้างานทันที ; ให้ข้อมูลพื้นฐานที่เกี่ยวกับงานที่ตนเองรับผิดชอบแก่ผู้มีส่วนเกี่ยวข้องหลักภายในได้ ; แบ่งปันความรู้ในงานที่ทำกับผู้อื่น ; มีความรู้ หรือ ประสบการณ์ที่ค่อนข้างจำกัด | S23: P11 | T23: Daily OP | U23: เหมือน G11
